date,close,volume,unadjustedVolume,change,changePercent,vwap,label,changeOverTime
2014-03-04,6.9479,33,33,0,0,7.0154,"Mar 4, 14",0
2014-03-10,6.5977,1400,1400,-0.350157,-5.04,6.6135,"Mar 10, 14",-0.050403719109371185
2014-03-24,7.0646,254,254,0.466877,7.076,7.0646,"Mar 24, 14",0.01679644209041591
2014-03-26,6.5424,4469,4469,-0.522165,-7.391,6.5304,"Mar 26, 14",-0.058362958591804716
2014-03-27,6.5424,48,48,0,0,6.5608,"Mar 27, 14",-0.058362958591804716
2014-04-02,6.5424,13,13,0,0,6.9233,"Apr 2, 14",-0.058362958591804716
2014-04-08,6.9417,4530,4530,0.399302,6.103,6.938,"Apr 8, 14",-0.0008923559636724422
2014-04-09,6.4073,300,300,-0.534451,-7.699,6.4892,"Apr 9, 14",-0.07780768289699039
2014-04-17,6.4073,40,40,0,0,6.6223,"Apr 17, 14",-0.07780768289699039
2014-04-24,6.4626,115,115,0.055288,0.863,6.4537,"Apr 24, 14",-0.06984844341455687
2014-04-25,6.0448,2733,2733,-0.41773,-6.464,6.0679,"Apr 25, 14",-0.12998172109558276
2014-04-28,6.1431,300,300,0.09829,1.626,6.1431,"Apr 28, 14",-0.11583356121993699
2014-04-29,5.965,2000,2000,-0.178152,-2.9,5.965,"Apr 29, 14",-0.14146720591833503
2014-04-30,5.965,3026,3026,0,0,5.9635,"Apr 30, 14",-0.14146720591833503
2014-05-02,5.9625,0,0,-0.002496,-0.042,,"May 2, 14",-0.1418270268714287
2014-05-12,6.4842,5219,5219,0.521752,8.751,6.3867,"May 12, 14",-0.06673959037982691
2014-05-14,6.7383,4429,4429,0.254089,3.919,6.7391,"May 14, 14",-0.03016738870737921
2014-05-16,6.7445,1429,1429,0.006227,0.092,6.7559,"May 16, 14",-0.02927503274370664
2014-05-20,6.4082,2316,2316,-0.336295,-4.986,6.4814,"May 20, 14",-0.0776781473538767
2014-05-21,6.5079,2300,2300,0.099644,1.555,6.5025,"May 21, 14",-0.06332848774449827
2014-05-27,6.7072,340,340,0.199284,3.062,6.7072,"May 27, 14",-0.03464356136386527
2014-06-02,6.7259,100,100,0.018684,0.279,6.7259,"Jun 2, 14",-0.0319521006347241
2014-06-03,6.7259,20,20,0,0,6.894,"Jun 3, 14",-0.0319521006347241
2014-06-12,6.9999,200,200,0.274015,4.074,6.9999,"Jun 12, 14",0.007484275824349874
2014-06-18,6.9999,46,46,0,0,7.1618,"Jun 18, 14",0.007484275824349874
2014-06-19,7.1929,100,100,0.193058,2.758,7.1929,"Jun 19, 14",0.035262453403186594
2014-06-20,7.386,1400,1400,0.193058,2.684,7.3873,"Jun 20, 14",0.06305502382014715
2014-06-25,7.1057,3054,3054,-0.280247,-3.794,7.1806,"Jun 25, 14",0.022711898559276897
2014-06-26,7.112,1560,1560,0.00623,0.088,7.112,"Jun 26, 14",0.02361864736107318
2014-06-30,7.112,1037,1037,0,0,7.0185,"Jun 30, 14",0.02361864736107318
2014-07-01,7.0559,209,209,-0.056049,-0.788,7.0557,"Jul 1, 14",0.01554426517364967
2014-07-02,7.112,499,499,0.056049,0.794,7.0711,"Jul 2, 14",0.02361864736107318
2014-07-03,7.168,223,223,0.056048,0.788,7.168,"Jul 3, 14",0.03167863671037298
2014-07-08,7.3038,2798,2798,0.135763,1.894,7.3038,"Jul 8, 14",0.05122411088242492
2014-07-09,7.386,100,100,0.082206,1.126,7.386,"Jul 9, 14",0.06305502382014715
2014-07-21,6.8878,200,200,-0.498213,-6.745,6.8878,"Jul 21, 14",-0.008650095712373433
2014-07-24,7.249,2477,2477,0.361203,5.244,7.2815,"Jul 24, 14",0.0433368355906101
2014-07-28,7.1618,5300,5300,-0.087186,-1.203,7.1618,"Jul 28, 14",0.030786280746700537
2014-07-29,7.1618,8,8,0,0,,"Jul 29, 14",0.030786280746700537
2014-07-31,7.1618,9,9,0,0,,"Jul 31, 14",0.030786280746700537
2014-08-01,7.0684,123,123,-0.093416,-1.304,7.0684,"Aug 1, 14",0.01734336993911827
2014-08-04,7.0684,1900,1900,0,0,7.0684,"Aug 4, 14",0.01734336993911827
2014-08-12,7.2988,4058,4058,0.230423,3.26,7.3186,"Aug 12, 14",0.050504468976237456
2014-08-19,7.4545,100,100,0.155692,2.133,7.4545,"Aug 19, 14",0.07291411793491567
2014-08-25,7.7067,150,150,0.252215,3.383,7.7067,"Aug 25, 14",0.10921285568301213
2014-08-26,7.2116,100,100,-0.495097,-6.424,7.2116,"Aug 26, 14",0.037953914132327765
2014-08-27,7.2116,50,50,0,0,,"Aug 27, 14",0.037953914132327765
2014-08-28,7.2116,1,1,0,0,,"Aug 28, 14",0.037953914132327765
2014-09-02,7.2957,3010,3010,0.084074,1.166,7.3539,"Sep 2, 14",0.05005829099440123
2014-09-03,7.2957,1,1,0,0,,"Sep 3, 14",0.05005829099440123
2014-09-04,7.9402,665,665,0.64456,8.835,7.7901,"Sep 4, 14",0.14282013270196753
2014-09-08,7.9402,100,100,0,0,,"Sep 8, 14",0.14282013270196753
2014-09-15,7.9402,1,1,0,0,,"Sep 15, 14",0.14282013270196753
2014-09-16,7.8748,5708,5708,-0.065391,-0.824,7.8454,"Sep 16, 14",0.13340721656903523
2014-09-17,7.6039,2955,2955,-0.270902,-3.44,7.6168,"Sep 17, 14",0.0944170180917976
2014-09-19,7.6039,16,16,0,0,,"Sep 19, 14",0.0944170180917976
2014-09-24,7.5105,995,995,-0.093414,-1.228,7.5105,"Sep 24, 14",0.08097410728421547
2014-09-26,7.5105,66,66,0,0,,"Sep 26, 14",0.08097410728421547
2014-10-06,7.4765,6705,6705,-0.034004,-0.453,7.4751,"Oct 6, 14",0.0760805423221405
2014-10-10,7.2826,746,746,-0.193928,-2.594,7.2826,"Oct 10, 14",0.04817282920019008
2014-10-14,7.0995,6650,6650,-0.183091,-2.514,7.0995,"Oct 14, 14",0.021819542595604455
2014-10-17,7.333,117,117,0.233536,3.289,7.333,"Oct 17, 14",0.055426819614559864
2014-10-20,6.9594,767,767,-0.373658,-5.096,6.9858,"Oct 20, 14",0.0016551763842311842
2014-10-23,7.2209,150,150,0.261559,3.758,7.2209,"Oct 23, 14",0.03929244807783655
2014-10-24,7.4732,100,100,0.252219,3.493,7.4732,"Oct 24, 14",0.07560557866405684
2014-10-30,7.7721,100,100,0.298928,4,7.7721,"Oct 30, 14",0.11862577181594443
2014-10-31,7.6039,565,565,-0.168147,-2.163,7.6172,"Oct 31, 14",0.0944170180917976
2014-11-10,7.6507,200,200,0.046708,0.614,7.66,"Nov 10, 14",0.10115286633371233
2014-11-12,7.9122,100,100,0.261561,3.419,7.9122,"Nov 12, 14",0.1387901380273177
2014-11-13,7.716,7124,7124,-0.196171,-2.479,7.7401,"Nov 13, 14",0.11055138962852092
2014-11-14,7.716,13,13,0,0,,"Nov 14, 14",0.11055138962852092
2014-11-18,7.8188,465,465,0.102756,1.332,7.8188,"Nov 18, 14",0.12534722721973557
2014-11-26,7.7067,3750,3750,-0.112098,-1.434,7.6539,"Nov 26, 14",0.10921285568301213
2014-12-03,7.7441,4095,4095,0.037366,0.485,7.7441,"Dec 3, 14",0.1145957771412946
2014-12-10,7.716,200,200,-0.028024,-0.362,7.7487,"Dec 10, 14",0.11055138962852092
2014-12-15,7.716,45,45,0,0,,"Dec 15, 14",0.11055138962852092
2014-12-22,7.5759,278,278,-0.140122,-1.816,7.5479,"Dec 22, 14",0.09038702341714765
2014-12-23,7.4545,161,161,-0.121439,-1.603,7.4545,"Dec 23, 14",0.07291411793491567
2014-12-24,7.4545,61,61,0,0,,"Dec 24, 14",0.07291411793491567
2015-01-06,7.4545,95,95,0,0,,"Jan 6, 15",0.07291411793491567
2015-01-07,7.4545,95,95,0,0,,"Jan 7, 15",0.07291411793491567
2015-01-16,7.4918,138,138,0.037367,0.501,7.4918,"Jan 16, 15",0.07828264655507418
2015-01-20,7.1929,288,288,-0.298928,-3.99,7.235,"Jan 20, 15",0.035262453403186594
2015-01-21,7.249,262,262,0.056048,0.779,7.249,"Jan 21, 15",0.0433368355906101
2015-01-22,7.249,7,7,0,0,,"Jan 22, 15",0.0433368355906101
2015-01-28,7.3984,300,300,0.149464,2.062,7.3984,"Jan 28, 15",0.06483973574749204
2015-01-29,7.4638,1142,1142,0.065391,0.884,7.4638,"Jan 29, 15",0.07425265188042433
2015-02-13,8.015,0,0,0.551145,7.384,,"Feb 13, 15",0.15358597561853235
2015-02-17,7.8468,150,150,-0.168146,-2.098,7.8468,"Feb 17, 15",0.12937722189438539
2015-02-18,8.0617,106,106,0.214852,2.738,8.0617,"Feb 18, 15",0.16030743102232334
2015-02-19,8.0617,38,38,0,0,,"Feb 19, 15",0.16030743102232334
2015-02-23,8.0617,38,38,0,0,,"Feb 23, 15",0.16030743102232334
2015-03-04,8.3046,2496,2496,0.24288,3.013,8.3046,"Mar 4, 15",0.19526763482491127
2015-03-05,7.8842,2844,2844,-0.420366,-5.062,8.0154,"Mar 5, 15",0.13476014335266773
2015-03-24,8.3046,100,100,0.420366,5.332,8.3046,"Mar 24, 15",0.19526763482491127
2015-03-26,8.4167,1190,1190,0.112096,1.35,8.3937,"Mar 26, 15",0.21140200636163456
2015-03-31,8.5848,795,795,0.168147,1.998,8.5848,"Mar 31, 15",0.23559636724765753
2015-04-07,8.7529,300,300,0.168145,1.959,8.7529,"Apr 7, 15",0.25979072813368076
2015-04-10,8.865,100,100,0.112098,1.281,8.865,"Apr 10, 15",0.2759250996704041
2015-04-13,9.248,200,200,0.383,4.32,9.248,"Apr 13, 15",0.331049669684365
2015-04-16,9.0052,150,150,-0.242877,-2.626,9.0052,"Apr 16, 15",0.2961038587199011
2015-04-17,9.248,5000,5000,0.242877,2.697,9.248,"Apr 17, 15",0.331049669684365
2015-04-22,9.3415,3000,3000,0.093414,1.01,9.3415,"Apr 22, 15",0.344506973330071
2015-04-23,9.2294,8600,8600,-0.112096,-1.2,9.2285,"Apr 23, 15",0.3283726017933477
2015-04-24,9.4442,8500,8500,0.214854,2.328,9.4387,"Apr 24, 15",0.3592884180831619
2015-04-27,9.1546,400,400,-0.289586,-3.066,9.178,"Apr 27, 15",0.317606758876783
2015-04-28,8.9304,2500,2500,-0.224194,-2.449,8.9304,"Apr 28, 15",0.2853380158033364
2015-04-30,9.6404,100,100,0.709951,7.95,9.6404,"Apr 30, 15",0.38752716648195856
2015-05-01,9.2294,500,500,-0.411025,-4.264,9.2294,"May 1, 15",0.3283726017933477
2015-05-04,9.759,300,300,0.529603,5.738,9.7401,"May 4, 15",0.4045970724967257
2015-05-06,9.1655,344,344,-0.59345,-6.081,9.1655,"May 6, 15",0.31917557823227166
2015-05-08,9.9662,47314,47314,0.800686,8.736,9.4225,"May 8, 15",0.434419033089135
2015-05-11,9.7024,839,839,-0.263755,-2.646,9.7024,"May 11, 15",0.3964507261186835
2015-05-15,9.6553,525,525,-0.047099,-0.485,9.6553,"May 15, 15",0.3896716993623974
2015-05-18,10.1358,525,525,0.480412,4.976,10.1358,"May 18, 15",0.4588292865470142
2015-05-19,10.051,500,500,-0.08478,-0.836,10.051,"May 19, 15",0.44662415981807463
2015-05-21,9.4669,962,962,-0.584029,-5.811,9.4669,"May 21, 15",0.36255559233725315
2015-05-22,9.4669,19,19,0,0,,"May 22, 15",0.36255559233725315
2015-05-26,9.2785,381,381,-0.188397,-1.99,9.2817,"May 26, 15",0.33543948531210865
2015-05-27,9.7684,915,915,0.489833,5.279,9.7684,"May 27, 15",0.40594999928035813
2015-05-29,10.0887,619,619,0.320275,3.279,10.0887,"May 29, 15",0.4520502597907281
2015-06-01,9.9474,207,207,-0.1413,-1.401,9.9474,"Jun 1, 15",0.43171317952187
2015-06-03,9.9474,516,516,0,0,,"Jun 3, 15",0.43171317952187
2015-06-04,9.6082,516,516,-0.339114,-3.409,9.6082,"Jun 4, 15",0.38289267260611126
2015-07-14,9.0431,400,400,-0.56519,-5.882,9.1373,"Jul 14, 15",0.30155874436880226
2015-07-15,8.9771,305,305,-0.06594,-0.729,9.1164,"Jul 15, 15",0.2920594712071274
2015-07-16,9.1278,582,582,0.150719,1.679,9.1278,"Jul 16, 15",0.31374947825961813
2015-07-17,8.1105,700,700,-1.0173,-11.146,8.3319,"Jul 17, 15",0.16733113602671315
2015-08-03,9.1561,886,886,1.0456,12.892,9.1561,"Aug 3, 15",0.31782265144863925
2015-08-05,9.4198,473,473,0.263754,2.881,9.4119,"Aug 5, 15",0.35577656558096704
2015-08-12,8.7699,100,100,-0.649969,-6.9,8.7699,"Aug 12, 15",0.2622375106147181
2015-08-14,9.0996,218,218,0.329695,3.759,9.0996,"Aug 14, 15",0.3096906979087207
2015-08-18,9.0996,700,700,0,0,,"Aug 18, 15",0.3096906979087207
2015-08-19,9.0431,5000,5000,-0.056519,-0.621,9.047,"Aug 19, 15",0.30155874436880226
2015-08-21,9.0431,5,5,0,0,,"Aug 21, 15",0.30155874436880226
2015-09-03,9.4198,5000,5000,0.376793,4.167,9.4198,"Sep 3, 15",0.35577656558096704
2015-09-08,9.4481,100,100,0.028261,0.3,9.4481,"Sep 8, 15",0.3598497387699881
2015-09-11,9.4104,490,490,-0.03768,-0.399,9.4104,"Sep 11, 15",0.3544236387973344
2015-09-15,9.3256,1176,1176,-0.084778,-0.901,9.3256,"Sep 15, 15",0.34221851206839476
2015-09-17,9.0336,833,833,-0.292016,-3.131,9.0336,"Sep 17, 15",0.3001914247470459
2015-09-30,8.9489,5261,5261,-0.084779,-0.938,8.9485,"Sep 30, 15",0.28800069085623
2015-10-06,8.9018,12980,12980,-0.047098,-0.526,8.9411,"Oct 6, 15",0.28122166409994387
2015-10-07,8.7322,174,174,-0.169558,-1.905,8.7322,"Oct 7, 15",0.25681141064206464
2015-10-09,8.3931,120,120,-0.339115,-3.884,8.3931,"Oct 9, 15",0.20800529656442965
2015-10-13,8.9394,400,400,0.546351,6.51,8.744,"Oct 13, 15",0.28663337123447363
2015-10-14,8.9206,300,300,-0.01884,-0.211,8.9583,"Oct 14, 15",0.28392751766720886
2015-10-15,8.9206,222,222,0,0,,"Oct 15, 15",0.28392751766720886
2015-10-23,8.6097,222,222,-0.310854,-3.485,8.6097,"Oct 23, 15",0.23918018394047127
2015-10-26,8.4779,1500,1500,-0.131878,-1.532,8.4779,"Oct 26, 15",0.22021042329336926
2015-10-30,8.1764,120,120,-0.301434,-3.556,8.1764,"Oct 30, 15",0.17681601635026403
2015-11-04,8.6097,135,135,0.433312,5.3,8.6097,"Nov 4, 15",0.23918018394047127
2015-11-12,8.9112,500,500,0.301436,3.501,8.9112,"Nov 12, 15",0.2825745908835762
2015-11-18,9.288,400,400,0.376792,4.228,9.288,"Nov 18, 15",0.336806804933865
2015-11-20,9.5456,452,452,0.257609,2.774,9.5456,"Nov 20, 15",0.373882755940644
2015-11-30,9.1005,100,100,-0.445082,-4.663,9.1005,"Nov 30, 15",0.30982023345183446
2015-12-04,9.1005,40,40,0,0,,"Dec 4, 15",0.30982023345183446
2015-12-07,9.2047,2205,2205,0.104169,1.145,9.3001,"Dec 7, 15",0.32481757077678164
2015-12-14,8.4944,1316,1316,-0.710236,-7.716,8.4944,"Dec 14, 15",0.22258524158378803
2015-12-18,8.5323,800,800,0.037879,0.446,8.5323,"Dec 18, 15",0.22804012723268896
2015-12-21,8.7122,1858,1858,0.179927,2.109,8.7122,"Dec 21, 15",0.2539328430173145
2015-12-22,8.7122,95,95,0,0,,"Dec 22, 15",0.2539328430173145
2015-12-28,8.8353,100,100,0.123107,1.413,8.8353,"Dec 28, 15",0.27165042674765044
2015-12-29,8.8069,1875,1875,-0.028409,-0.322,8.8069,"Dec 29, 15",0.2675628607205056
2016-01-07,8.1725,1300,1300,-0.634478,-7.204,8.1717,"Jan 7, 16",0.17625469566343782
2016-01-11,7.9452,500,500,-0.227277,-2.781,7.9452,"Jan 11, 16",0.143539774608155
2016-01-12,7.8581,350,350,-0.087121,-1.097,7.8581,"Jan 12, 16",0.13100361260236915
2016-01-14,7.5759,100,100,-0.2822,-3.591,7.5759,"Jan 14, 16",0.09038702341714765
2016-01-15,7.5001,1100,1100,-0.07576,-1,7.5001,"Jan 15, 16",0.07947725211934542
2016-01-19,7.1971,100,100,-0.303033,-4.04,7.1971,"Jan 19, 16",0.03586695260438407
2016-01-20,6.5815,300,300,-0.615539,-8.553,6.6604,"Jan 20, 16",-0.05273535888541856
2016-01-28,6.913,2000,2000,0.331445,5.036,6.913,"Jan 28, 16",-0.005023100505188545
2016-01-29,7.6327,200,200,0.719705,10.411,7.5143,"Jan 29, 16",0.09856215547143743
2016-02-02,6.6289,200,200,-1.0038,-13.151,6.6904,"Feb 2, 16",-0.04591315361476129
2016-02-16,6.6289,3,3,0,0,,"Feb 16, 16",-0.04591315361476129
2016-02-22,6.6289,22,22,0,0,,"Feb 22, 16",-0.04591315361476129
2016-02-24,7.216,1274,1274,0.587128,8.857,7.216,"Feb 24, 16",0.0385871990097728
2016-03-03,7.0171,200,200,-0.198865,-2.756,7.1166,"Mar 3, 16",0.009959843981634792
2016-03-04,6.9887,800,800,-0.028409,-0.405,6.9887,"Mar 4, 16",0.005872277954489838
2016-03-07,6.7709,100,100,-0.217807,-3.117,6.7709,"Mar 7, 16",-0.025475323479036777
2016-03-08,6.2501,100,100,-0.52084,-7.692,6.2501,"Mar 8, 16",-0.10043322442752486
2016-03-11,6.269,180,180,0.01894,0.303,6.269,"Mar 11, 16",-0.09771297802213613
2016-03-14,6.269,7,7,0,0,,"Mar 14, 16",-0.09771297802213613
2016-03-28,6.269,519,519,0,0,,"Mar 28, 16",-0.09771297802213613
2016-04-05,5.8523,500,500,-0.416671,-6.647,5.9262,"Apr 5, 16",-0.1576879344838009
2016-04-06,5.7766,500,500,-0.075759,-1.295,5.7766,"Apr 6, 16",-0.16858331294347928
2016-04-08,5.7766,80,80,0,0,,"Apr 8, 16",-0.16858331294347928
2016-04-12,6.3258,400,400,0.549249,9.508,6.2311,"Apr 12, 16",-0.08953784596784635
2016-04-14,6.7614,430,430,0.435611,6.886,6.7614,"Apr 14, 16",-0.026842643100793
2016-04-15,6.7804,4020,4020,0.01894,0.28,6.7799,"Apr 15, 16",-0.02410800385728055
2016-04-18,6.9793,17640,17640,0.198866,2.933,6.9742,"Apr 18, 16",0.004519351170857459
2016-04-19,6.8808,150,150,-0.098485,-1.411,6.8808,"Apr 19, 16",-0.009657594381035988
2016-04-26,7.7653,200,200,0.884481,12.854,7.7653,"Apr 26, 16",0.11764705882352944
2016-05-06,7.2744,795,795,-0.490893,-6.322,7.2744,"May 6, 16",0.04699261647404255
2016-05-09,7.2744,3,3,0,0,,"May 9, 16",0.04699261647404255
2016-05-13,7.7465,124,124,0.472111,6.49,7.7465,"May 13, 16",0.11494120525626454
2016-05-18,7.6598,1000,1000,-0.086714,-1.119,7.6598,"May 18, 16",0.10246261460297357
2016-06-23,6.9275,505,505,-0.732253,-9.56,6.9275,"Jun 23, 16",-0.0029361389772448554
2016-06-29,6.7444,800,800,-0.183064,-2.643,6.7444,"Jun 29, 16",-0.029289425581830484
2016-07-08,6.5517,1500,1500,-0.192698,-2.857,6.5517,"Jul 8, 16",-0.057024424646295924
2016-07-12,6.4554,1856,1856,-0.096349,-1.471,6.4554,"Jul 12, 16",-0.07088472775946685
2016-07-19,6.8601,1000,1000,0.404665,6.269,6.8601,"Jul 19, 16",-0.01263691187265212
2016-07-26,6.4554,7200,7200,-0.404665,-5.899,6.4554,"Jul 26, 16",-0.07088472775946685
2016-07-27,6.4554,14,14,0,0,,"Jul 27, 16",-0.07088472775946685
2016-07-29,6.0411,100,100,-0.414301,-6.418,6.0411,"Jul 29, 16",-0.13051425610616152
2016-08-01,6.0507,4000,4000,0.009634,0.159,6.0054,"Aug 1, 16",-0.12913254364628157
2016-08-02,5.8869,2200,2200,-0.163793,-2.707,5.9018,"Aug 2, 16",-0.1527080124929835
2016-08-04,5.7039,200,200,-0.183064,-3.11,5.7328,"Aug 4, 16",-0.17904690625944528
2016-08-05,5.7039,2109,2109,0,0,,"Aug 5, 16",-0.17904690625944528
2016-08-08,6.0122,2958,2958,0.308318,5.405,5.9401,"Aug 8, 16",-0.13467378632392518
2016-08-09,5.9255,800,800,-0.086714,-1.442,5.9255,"Aug 9, 16",-0.14715237697721603
2016-08-11,6.0507,209,209,0.125253,2.114,6.0608,"Aug 11, 16",-0.12913254364628157
2016-08-15,6.0507,53,53,0,0,,"Aug 15, 16",-0.12913254364628157
2016-08-18,6.07,6000,6000,0.01927,0.318,6.0989,"Aug 18, 16",-0.12635472588839786
2016-08-22,6.0026,25000,25000,-0.067444,-1.111,6.0011,"Aug 22, 16",-0.13605549878380513
2016-08-24,6.1278,400,400,0.125254,2.087,6.1278,"Aug 24, 16",-0.11803566545287067
2016-08-25,5.8869,4053,4053,-0.240873,-3.931,5.8869,"Aug 25, 16",-0.1527080124929835
2016-08-26,5.9158,898,898,0.028904,0.491,5.9062,"Aug 26, 16",-0.14854848227521983
2016-08-29,6.0796,11572,11572,0.163794,2.769,6.0477,"Aug 29, 16",-0.12497301342851792
2016-08-30,6.1085,7415,7415,0.028905,0.475,6.0984,"Aug 30, 16",-0.12081348321075426
2016-08-31,6.1182,3843,3843,0.009635,0.158,6.0845,"Aug 31, 16",-0.1194173779127506
2016-09-01,6.5614,700,700,0.443206,7.244,6.2462,"Sep 1, 16",-0.05562831934829227
2016-09-02,6.4265,5000,5000,-0.134888,-2.056,6.4265,"Sep 2, 16",-0.07504425797723051
2016-09-06,6.5036,404,404,0.077079,1.199,6.5036,"Sep 6, 16",-0.06394737978381959
2016-09-19,5.9929,15800,15800,-0.510651,-7.852,6.0455,"Sep 19, 16",-0.1374516040818089
2016-09-20,5.9255,2257,2257,-0.067444,-1.125,5.9255,"Sep 20, 16",-0.14715237697721603
2016-09-21,5.8677,2283,2283,-0.05781,-0.976,5.8769,"Sep 21, 16",-0.15547143741274336
2016-09-22,5.7809,10250,10250,-0.086714,-1.478,5.788,"Sep 22, 16",-0.16796442090415806
2016-09-26,5.8773,200,200,0.096349,1.667,5.8773,"Sep 26, 16",-0.15408972495286344
2016-09-27,5.9736,994,994,0.096349,1.639,5.8929,"Sep 27, 16",-0.1402294218396925
2016-09-29,6.2627,4000,4000,0.289048,4.839,6.2567,"Sep 29, 16",-0.09861972682393241
2016-09-30,6.3879,1353,1353,0.125253,2,6.3773,"Sep 30, 16",-0.08059989349299783
2016-10-04,6.3398,353,353,-0.048174,-0.754,6.3398,"Oct 4, 16",-0.08752284863052137
2016-10-07,6.3301,1000,1000,-0.009635,-0.152,6.3301,"Oct 7, 16",-0.08891895392852515
2016-10-10,6.3157,1000,1000,-0.014452,-0.228,6.3157,"Oct 10, 16",-0.09099152261834513
2016-10-17,6.5036,749,749,0.187881,2.975,6.5036,"Oct 17, 16",-0.06394737978381959
2016-10-19,6.5036,1397,1397,0,0,6.5036,"Oct 19, 16",-0.06394737978381959
2016-10-20,6.4169,1000,1000,-0.086715,-1.333,6.4169,"Oct 20, 16",-0.07642597043711045
2016-10-24,6.359,1000,1000,-0.05781,-0.901,6.359,"Oct 24, 16",-0.08475942371076149
2016-10-26,6.7926,100,100,0.433572,6.818,6.7926,"Oct 26, 16",-0.022352077606183098
2016-10-27,6.7059,7142,7142,-0.086714,-1.277,6.7105,"Oct 27, 16",-0.03483066825947408
2016-10-31,6.889,5011,5011,0.183064,2.73,6.739,"Oct 31, 16",-0.008477381654888457
2016-11-01,6.7637,6900,6900,-0.125255,-1.818,6.7595,"Nov 1, 16",-0.02651160782394676
2016-11-03,6.3687,250,250,-0.395031,-5.84,6.3687,"Nov 3, 16",-0.08336331841275783
2016-11-07,6.2242,3400,3400,-0.144524,-2.269,6.2155,"Nov 7, 16",-0.10416096950157602
2016-11-08,6.5036,1500,1500,0.279413,4.489,6.5293,"Nov 8, 16",-0.06394737978381959
2016-11-09,6.359,4350,4350,-0.144525,-2.222,6.4932,"Nov 9, 16",-0.08475942371076149
2016-11-11,7.1973,3000,3000,0.838238,13.182,7.1796,"Nov 11, 16",0.03589573828063163
2016-11-14,6.8408,200,200,-0.356491,-4.953,6.8986,"Nov 14, 16",-0.015414729630535843
2016-11-15,6.9949,3600,3600,0.154159,2.254,7.0075,"Nov 15, 16",0.006764633918162409
2016-11-16,6.5036,3500,3500,-0.491381,-7.025,6.5036,"Nov 16, 16",-0.06394737978381959
2016-11-17,6.8697,150,150,0.366126,5.63,6.8697,"Nov 17, 16",-0.01125519941277218
2016-11-21,6.8745,2000,2000,0.004818,0.07,6.8745,"Nov 21, 16",-0.010564343182832146
2016-11-22,7.2551,25100,25100,0.38058,5.536,7.2167,"Nov 22, 16",0.044214798716158826
2016-11-23,6.7541,280,280,-0.501017,-6.906,6.9241,"Nov 23, 16",-0.0278933202838267
2016-11-28,7.2936,3000,3000,0.539555,7.989,7.239,"Nov 28, 16",0.04975604139380243
2016-11-29,7.5152,14600,14600,0.221603,3.038,7.5111,"Nov 29, 16",0.08165057067603167
2016-11-30,7.3707,100,100,-0.144523,-1.923,7.3707,"Nov 30, 16",0.06085291958721348
2016-12-02,6.9853,312,312,-0.385397,-5.229,6.9853,"Dec 2, 16",0.0053829214582823415
2016-12-05,7.072,104,104,0.086715,1.241,7.072,"Dec 5, 16",0.017861512111573326
2016-12-06,7.5538,2700,2700,0.481745,6.812,7.5217,"Dec 6, 16",0.08720620619179897
2016-12-07,7.8236,1910,1910,0.269778,3.571,7.7642,"Dec 7, 16",0.12603808344967546
2016-12-08,7.891,1183,1183,0.067444,0.862,7.8625,"Dec 8, 16",0.13573885634508273
2016-12-12,7.7657,1929,1929,-0.125254,-1.587,7.7568,"Dec 12, 16",0.11770463017602442
2016-12-13,7.5827,184,184,-0.183063,-2.357,7.5827,"Dec 13, 16",0.09136573640956264
2016-12-20,7.6694,3450,3450,0.086715,1.144,7.6421,"Dec 20, 16",0.10384432706285363
2016-12-28,8.0162,200,200,0.346856,4.523,8.0162,"Dec 28, 16",0.1537586896760172
2016-12-29,8.2668,190,190,0.250507,3.125,8.2668,"Dec 29, 16",0.1898271420141338
2017-01-04,8.2282,125,125,-0.038539,-0.466,8.2282,"Jan 4, 17",0.18427150649836635
2017-01-06,8.392,1224,1224,0.163793,1.991,8.2794,"Jan 6, 17",0.20784697534506827
2017-01-09,8.3535,56974,56974,-0.038539,-0.459,8.3726,"Jan 9, 17",0.2023057326674248
2017-01-10,8.3535,48,48,0,0,,"Jan 10, 17",0.2023057326674248
2017-01-12,8.3535,24,24,0,0,,"Jan 12, 17",0.2023057326674248
2017-01-18,7.997,3691,3691,-0.356492,-4.268,7.8596,"Jan 18, 17",0.15099526475625732
2017-01-19,8.3246,1150,1150,0.327588,4.096,8.3246,"Jan 19, 17",0.19814620244966114
2017-01-20,8.4498,1700,1700,0.125252,1.505,8.4498,"Jan 20, 17",0.2161660357805956
2017-01-23,8.4884,100,100,0.038541,0.456,8.4884,"Jan 23, 17",0.22172167129636303
2017-01-24,8.9123,5300,5300,0.423935,4.994,8.9006,"Jan 24, 17",0.28273291210293766
2017-01-26,8.8834,2100,2100,-0.028904,-0.324,8.8862,"Jan 26, 17",0.278573381885174
2017-01-31,8.2186,3450,3450,-0.664808,-7.484,8.2971,"Jan 31, 17",0.18288979403848654
2017-02-01,8.0933,100,100,-0.125255,-1.524,8.0933,"Feb 1, 17",0.16485556786942812
2017-02-02,8.1222,7900,7900,0.028905,0.357,8.1222,"Feb 2, 17",0.16901509808719178
2017-02-03,8.0259,366,366,-0.096349,-1.186,8.0307,"Feb 3, 17",0.155154794974021
2017-02-06,7.8621,5500,5500,-0.163794,-2.041,7.8378,"Feb 6, 17",0.13157932612731907
2017-02-08,8.0548,200,200,0.192698,2.451,8.0548,"Feb 8, 17",0.15931432519178465
2017-02-15,7.8139,5000,5000,-0.240873,-2.99,7.8139,"Feb 15, 17",0.12464197815167181
2017-02-16,8.4787,6100,6100,0.66481,8.508,8.4683,"Feb 16, 17",0.22032556599835926
2017-02-17,8.5654,6000,6000,0.086714,1.023,8.5654,"Feb 17, 17",0.23280415665165025
2017-02-22,8.5558,150,150,-0.009635,-0.112,8.5558,"Feb 22, 17",0.23142244419177016
2017-02-24,8.5462,878,878,-0.009635,-0.113,8.5462,"Feb 24, 17",0.23004073173189035
2017-02-27,8.4787,200,200,-0.067444,-0.789,8.4787,"Feb 27, 17",0.22032556599835926
2017-03-02,8.0644,2703,2703,-0.414301,-4.886,8.0644,"Mar 2, 17",0.16069603765166446
2017-03-06,7.6501,500,500,-0.414301,-5.137,7.6752,"Mar 6, 17",0.10106650930496991
2017-03-07,7.4671,14400,14400,-0.183064,-2.393,7.635,"Mar 7, 17",0.07472761553850812
2017-03-14,7.6212,7142,7142,0.154158,2.065,7.6212,"Mar 14, 17",0.09690697908720625
2017-03-15,7.6983,12200,12200,0.07708,1.011,7.8391,"Mar 15, 17",0.10800385728061716
2017-03-16,7.997,200,200,0.298682,3.88,7.9825,"Mar 16, 17",0.15099526475625732
2017-03-17,7.8814,800,800,-0.115619,-1.446,7.9488,"Mar 17, 17",0.13435714388520278
2017-03-20,8.3342,6600,6600,0.452841,5.746,8.3342,"Mar 20, 17",0.19952791490954094
2017-03-22,8.1897,600,600,-0.144524,-1.734,8.2218,"Mar 22, 17",0.17873026382072288
2017-03-24,7.8332,100,100,-0.356491,-4.353,7.8332,"Mar 24, 17",0.1274197959095554
2017-03-27,7.7754,1000,1000,-0.05781,-0.738,7.8361,"Mar 27, 17",0.1191007354740282
2017-03-28,7.7272,100,100,-0.048175,-0.62,7.7272,"Mar 28, 17",0.11216338749838083
2017-03-30,7.6501,100,100,-0.077078,-0.997,7.6501,"Mar 30, 17",0.10106650930496991
2017-03-31,8.0933,7650,7650,0.443205,5.793,7.9161,"Mar 31, 17",0.16485556786942812
2017-04-03,8.1897,100,100,0.096349,1.19,8.1897,"Apr 3, 17",0.17873026382072288
2017-04-04,8.4787,200,200,0.289048,3.529,8.4787,"Apr 4, 17",0.22032556599835926
2017-04-05,8.4305,100,100,-0.048175,-0.568,8.4305,"Apr 5, 17",0.213388218022712
2017-04-25,7.9488,100,100,-0.481746,-5.714,7.9488,"Apr 25, 17",0.14405791678061006
2017-05-15,8.0387,11100,11100,0.089862,1.131,8.0394,"May 15, 17",0.15699707825386097
2017-05-16,8.0387,1328,1328,0,0,8.0387,"May 16, 17",0.15699707825386097
2017-05-17,8.009,2218,2218,-0.029626,-0.369,8.0392,"May 17, 17",0.15272240533110734
2017-05-18,8.0782,4510,4510,0.069129,0.863,8.0421,"May 18, 17",0.16268224931274214
2017-05-22,9.1052,2412,2412,1.0271,12.714,8.9125,"May 22, 17",0.31049669684365067
2017-05-24,8.6608,573,573,-0.444398,-4.881,8.6608,"May 24, 17",0.24653492422170734
2017-05-26,9.1842,17650,17650,0.523402,6.043,9.1638,"May 26, 17",0.32186703896141294
2017-05-30,9.283,8500,8500,0.098755,1.075,9.283,"May 30, 17",0.3360871630276774
2017-05-31,9.3324,399,399,0.049378,0.532,8.8365,"May 31, 17",0.34319722506080974
2017-06-01,9.4509,25900,25900,0.118507,1.27,9.4398,"Jun 1, 17",0.3602527382374532
2017-06-02,9.3916,63200,63200,-0.059254,-0.627,9.3632,"Jun 2, 17",0.35171778523006964
2017-06-05,9.3126,250,250,-0.079004,-0.841,9.3126,"Jun 5, 17",0.34034744311230736
2017-06-06,9.3422,377,377,0.029626,0.318,9.3422,"Jun 6, 17",0.3446077231969373
2017-06-08,9.2139,6500,6500,-0.12838,-1.374,9.1619,"Jun 8, 17",0.3261417118841666
2017-06-09,8.8208,593,593,-0.393047,-4.266,8.8491,"Jun 9, 17",0.26956346521970675
2017-06-15,9.0558,200,200,0.235037,2.665,9.0558,"Jun 15, 17",0.3033866348105183
2017-06-16,9.0756,19900,19900,0.019752,0.218,9.0758,"Jun 16, 17",0.3062364167590207
2017-06-20,8.7655,600,600,-0.310091,-3.417,8.7655,"Jun 20, 17",0.2616042257372731
2017-06-28,8.327,600,600,-0.438473,-5.002,8.327,"Jun 28, 17",0.19849163056463107
2017-06-30,8.4436,500,500,0.116531,1.399,8.4436,"Jun 30, 17",0.21527367981692314
2017-07-06,8.3152,100,100,-0.128381,-1.52,8.3152,"Jul 6, 17",0.19679327566602875
2017-07-07,8.1275,100,100,-0.187635,-2.257,8.1275,"Jul 7, 17",0.1697779185077505
2017-07-17,8.4633,375,375,0.335768,4.131,8.4633,"Jul 17, 17",0.21810906892730186
2017-07-18,8.8386,11966,11966,0.375269,4.434,8.377,"Jul 18, 17",0.2721253904057341
2017-07-20,9.0361,3500,3500,0.19751,2.235,9.0361,"Jul 20, 17",0.3005512457001396
2017-07-25,8.6806,4400,4400,-0.355519,-3.934,8.6862,"Jul 25, 17",0.24938470617020977
2017-07-26,8.809,2200,2200,0.128382,1.479,8.7959,"Jul 26, 17",0.26786511032110416
2017-08-04,9.7274,3900,3900,0.918422,10.426,9.6134,"Aug 4, 17",0.4000489356496207
2017-08-07,9.8163,17610,17610,0.08888,0.914,9.6371,"Aug 7, 17",0.4128441687416342
2017-08-10,9.7768,250,250,-0.039502,-0.402,9.7768,"Aug 10, 17",0.4071589976827531
2017-08-14,10.1718,1500,1500,0.39502,4.04,10.1487,"Aug 14, 17",0.46401070827156404
2017-08-21,11.1593,200,200,0.987551,9.709,11.0704,"Aug 21, 17",0.6061399847435917
2017-08-22,10.9618,19500,19500,-0.197509,-1.77,10.9618,"Aug 22, 17",0.5777141294491862
2017-08-25,11.0902,2600,2600,0.128381,1.171,11.0503,"Aug 25, 17",0.5961945336000806
2017-08-28,11.0803,100,100,-0.009876,-0.089,11.0803,"Aug 28, 17",0.5947696426258293
2017-08-30,10.8631,24100,24100,-0.217261,-1.961,10.7467,"Aug 30, 17",0.5635083982210451
2017-08-31,10.8236,600,600,-0.039502,-0.364,10.8351,"Aug 31, 17",0.5578232271621643
2017-09-01,10.9914,100,100,0.167884,1.551,10.9914,"Sep 1, 17",0.5819744095338161
2017-09-05,10.9914,5600,5600,0,0,,"Sep 5, 17",0.5819744095338161
2017-09-07,11.0408,10380,10380,0.049378,0.449,11.0408,"Sep 7, 17",0.5890844715669484
2017-09-08,11.5029,10300,10300,0.462074,4.185,11.5029,"Sep 8, 17",0.6555937765367954
2017-09-11,10.7149,656,656,-0.787967,-6.85,10.7149,"Sep 11, 17",0.5421782121216483
2017-09-12,11.505,69100,69100,0.790042,7.373,11.6645,"Sep 12, 17",0.6558960261373942
2017-09-13,11.6531,2200,2200,0.148132,1.288,11.6531,"Sep 13, 17",0.6772118193986674
2017-09-19,11.979,2600,2600,0.325892,2.797,11.9741,"Sep 19, 17",0.7241180788439672
2017-09-20,11.7716,22482,22482,-0.207386,-1.731,11.7332,"Sep 20, 17",0.6942673325753105
2017-09-22,11.6037,5000,5000,-0.167883,-1.426,11.6037,"Sep 22, 17",0.670101757365535
2017-09-25,11.5148,1000,1000,-0.08888,-0.766,11.5148,"Sep 25, 17",0.6573065242735214
2017-09-28,11.584,5000,5000,0.069129,0.6,11.4084,"Sep 28, 17",0.6672663682551563
2017-10-02,11.584,19,19,0,0,,"Oct 2, 17",0.6672663682551563
2017-10-04,11.9099,200,200,0.325891,2.813,11.8259,"Oct 4, 17",0.7141726277004564
2017-10-05,12.2654,1930,1930,0.355519,2.985,12.0131,"Oct 5, 17",0.7653391672303862
2017-10-06,12.4234,1000,1000,0.158008,1.288,12.1261,"Oct 6, 17",0.7880798514659108
2017-10-09,12.4234,100,100,0,0,12.4234,"Oct 9, 17",0.7880798514659108
2017-10-10,12.532,700,700,0.10863,0.874,12.532,"Oct 10, 17",0.8037104736683027
2017-10-11,12.8283,200,200,0.296266,2.364,12.7394,"Oct 11, 17",0.8463564530289729
2017-10-12,12.9073,100,100,0.079004,0.616,12.9073,"Oct 12, 17",0.857726795146735
2017-10-16,13.1344,1210,1210,0.227136,1.76,13.1328,"Oct 16, 17",0.8904129305257703
2017-10-18,12.2456,1500,1500,-0.888795,-6.767,12.2604,"Oct 18, 17",0.7624893852818837
2017-10-19,11.8111,1500,1500,-0.434523,-3.548,11.8062,"Oct 19, 17",0.6999525036341917
2017-10-23,11.8111,50,50,0,0,,"Oct 23, 17",0.6999525036341917
2017-10-30,12.0481,100,100,0.237013,2.007,12.0481,"Oct 30, 17",0.7340635299874783
2017-11-03,12.0086,113,113,-0.039503,-0.328,12.0086,"Nov 3, 17",0.7283783589285971
2017-11-06,12.3444,1200,1200,0.335768,2.796,12.3444,"Nov 6, 17",0.7767095093481484
2017-11-07,12.3444,1000,1000,0,0,12.3444,"Nov 7, 17",0.7767095093481484
2017-11-09,12.374,3562,3562,0.029626,0.24,12.374,"Nov 9, 17",0.7809697894327784
2017-11-10,12.3049,300,300,-0.069129,-0.559,12.3049,"Nov 10, 17",0.7710243382892673
2017-11-14,11.5543,2100,2100,-0.750538,-6.1,11.6047,"Nov 14, 17",0.6629916953324025
2017-11-21,11.9889,2800,2800,0.434522,3.761,12.3751,"Nov 21, 17",0.7255429698182184
2017-11-24,11.3667,9300,9300,-0.622157,-5.189,11.3407,"Nov 24, 17",0.6359907310122483
2017-11-28,11.4556,26065,26065,0.08888,0.782,11.4704,"Nov 28, 17",0.6487859641042618
2017-11-30,9.9249,5450,5450,-1.5307,-13.362,10.6273,"Nov 30, 17",0.4284747909440262
2017-12-14,10.1689,471,471,0.244058,2.459,10.1689,"Dec 14, 17",0.46359331596597547
2017-12-19,11.4538,2031,2031,1.2848,12.635,11.6392,"Dec 19, 17",0.6485268930180342
2017-12-20,12.9776,4003,4003,1.5238,13.304,11.5235,"Dec 20, 17",0.8678449603477312
2017-12-21,13.1967,2348,2348,0.219117,1.688,13.1967,"Dec 21, 17",0.8993796686768665
2017-12-22,12.9975,1206,1206,-0.199197,-1.509,13.0649,"Dec 22, 17",0.8707091351343573
2017-12-26,13.0872,4481,4481,0.089638,0.69,12.3103,"Dec 26, 17",0.8836195109313605
2017-12-27,13.2864,182,182,0.199196,1.522,13.2864,"Dec 27, 17",0.91229004447387
2017-12-28,13.127,2590,2590,-0.159357,-1.199,13.127,"Dec 28, 17",0.8893478605046131
2017-12-29,11.9517,4608,4608,-1.1753,-8.953,12.4736,"Dec 29, 17",0.7201888340361837
2018-01-02,13.0274,746,746,1.0757,9,13.0317,"Jan 2, 18",0.8750125937333584
2018-01-03,12.9178,20548,20548,-0.109557,-0.841,12.3849,"Jan 3, 18",0.8592380431497287
2018-01-04,12.9378,4117,4117,0.019919,0.154,12.7721,"Jan 4, 18",0.8621166107744785
2018-01-05,12.5493,1355,1355,-0.388432,-3.002,12.5493,"Jan 5, 18",0.8062004346637115
2018-01-08,11.8024,12106,12106,-0.746984,-5.952,12.7292,"Jan 8, 18",0.6987003267174255
2018-01-09,12.9676,3210,3210,1.1653,9.873,12.7938,"Jan 9, 18",0.8664056765353559
2018-01-10,12.1509,13150,13150,-0.816703,-6.298,12.7217,"Jan 10, 18",0.7488593675786929
2018-01-11,12.5294,9121,9121,0.378472,3.115,12.5978,"Jan 11, 18",0.8033362598770853
2018-01-12,13.117,7460,7460,0.587627,4.69,12.8748,"Jan 12, 18",0.8879085766922381
2018-01-16,12.9477,15265,15265,-0.169316,-1.291,12.8832,"Jan 16, 18",0.8635415017487298
2018-01-17,13.2963,1130,1130,0.348593,2.692,13.1471,"Jan 17, 18",0.9137149354481211
2018-01-18,13.2764,1337,1337,-0.01992,-0.15,13.2647,"Jan 18, 18",0.910850760661495
2018-01-19,13.2963,2309,2309,0.01992,0.15,13.2688,"Jan 19, 18",0.9137149354481211
2018-01-22,13.6848,4635,4635,0.388431,2.921,13.4441,"Jan 22, 18",0.9696311115588883
2018-01-23,13.4358,2129,2129,-0.248994,-1.819,13.2326,"Jan 23, 18",0.9337929446307519
2018-01-24,13.4756,747,747,0.039839,0.297,13.5183,"Jan 24, 18",0.9395212942040042
2018-01-25,13.5852,4829,4829,0.109558,0.813,13.4553,"Jan 25, 18",0.9552958447876339
2018-01-26,13.615,374,374,0.029879,0.22,13.615,"Jan 26, 18",0.9595849105485111
2018-01-29,13.615,175,175,0,0,13.615,"Jan 29, 18",0.9595849105485111
2018-01-30,13.4457,17685,17685,-0.169316,-1.244,13.3221,"Jan 30, 18",0.935217835605003
2018-01-31,13.386,12316,12316,-0.059759,-0.444,13.2062,"Jan 31, 18",0.9266253112451244
2018-02-01,13.4358,653,653,0.049799,0.372,13.4272,"Feb 1, 18",0.9337929446307519
2018-02-02,13.1967,10094,10094,-0.239034,-1.779,12.973,"Feb 2, 18",0.8993796686768665
2018-02-05,12.9975,122528,122528,-0.199197,-1.509,13.0668,"Feb 5, 18",0.8707091351343573
2018-02-06,12.8979,21387,21387,-0.099598,-0.766,13.1012,"Feb 6, 18",0.8563738683631026
2018-02-07,12.9477,5120,5120,0.049799,0.386,13.0638,"Feb 7, 18",0.8635415017487298
2018-02-08,12.0513,11137,11137,-0.896381,-6.923,12.4041,"Feb 8, 18",0.7345241008074382
2018-02-09,12.1509,5797,5797,0.099598,0.826,12.545,"Feb 9, 18",0.7488593675786929
2018-02-12,12.3003,5872,5872,0.149397,1.23,12.1903,"Feb 12, 18",0.7703622677355748
2018-02-13,12.3203,2482,2482,0.019919,0.162,12.2994,"Feb 13, 18",0.7732408353603247
2018-02-14,12.6689,3262,3262,0.348593,2.829,12.5708,"Feb 14, 18",0.823414269059716
2018-02-15,12.7187,6164,6164,0.049799,0.393,12.7313,"Feb 15, 18",0.8305819024453432
2018-02-16,13.7943,1204,1204,1.0757,8.457,13.3116,"Feb 16, 18",0.9853912693043941
2018-02-20,14.0533,3157,3157,0.258955,1.877,14.0956,"Feb 20, 18",1.0226687200449058
2018-02-21,14.5015,8488,8488,0.44819,3.189,13.9298,"Feb 21, 18",1.0871774205155516
2018-02-22,14.6409,3365,3365,0.139437,0.962,14.611,"Feb 22, 18",1.1072410368600585
2018-02-23,14.0333,11158,11158,-0.607547,-4.15,13.5504,"Feb 23, 18",1.0197901524201558
2018-02-26,13.5354,258768,258768,-0.497989,-3.549,13.4173,"Feb 26, 18",0.9481282114020063
2018-02-27,13.1868,20823,20823,-0.348593,-2.575,13.1056,"Feb 27, 18",0.8979547777026152
2018-02-28,13.121,5586,5586,-0.065735,-0.498,13.1449,"Feb 28, 18",0.8884842902171881
2018-03-01,13.0274,800,800,-0.093622,-0.714,13.1158,"Mar 1, 18",0.8750125937333584
2018-03-06,13.2963,200,200,0.268915,2.064,13.2913,"Mar 6, 18",0.9137149354481211
2018-03-07,13.2565,3675,3675,-0.03984,-0.3,13.2252,"Mar 7, 18",0.9079865858748688
2018-03-08,14.0433,27206,27206,0.786824,5.935,13.8615,"Mar 8, 18",1.0212294362325307
2018-03-09,14.0433,3858,3858,0,0,14.0632,"Mar 9, 18",1.0212294362325307
2018-03-12,13.5652,2176,2176,-0.47807,-3.404,13.642,"Mar 12, 18",0.9524172771628839
2018-03-14,14.5513,1500,1500,0.986019,7.269,14.3819,"Mar 14, 18",1.0943450539011788
2018-03-15,14.2126,300,300,-0.338633,-2.327,14.0931,"Mar 15, 18",1.0455965111760388
2018-03-16,17.5292,22365,22365,3.3166,23.336,16.3579,"Mar 16, 18",1.5229493803883187
2018-03-19,18.5949,139024,139024,1.0657,6.08,18.8684,"Mar 19, 18",1.6763338562731183
2018-03-20,17.8479,5702,5702,-0.746984,-4.017,17.9868,"Mar 20, 18",1.5688193554887087
2018-03-21,19.1726,112100,112100,1.3247,7.422,18.7564,"Mar 21, 18",1.75948128211402
2018-03-22,19.2025,160546,160546,0.029878,0.156,19.1182,"Mar 22, 18",1.7637847407130212
2018-03-23,20.4674,24672,24672,1.2649,6.587,20.2437,"Mar 23, 18",1.9458397501403304
2018-03-26,20.5371,1364,1364,0.069719,0.341,20.5574,"Mar 26, 18",1.9558715583125834
2018-03-27,19.8897,35796,35796,-0.647386,-3.152,19.8668,"Mar 27, 18",1.8626923242994287
2018-03-28,19.8897,266660,266660,0,0,,"Mar 28, 18",1.8626923242994287
2018-03-29,19.8299,102150,102150,-0.059759,-0.3,19.8299,"Mar 29, 18",1.854085407101426
2018-04-02,20.7263,475,475,0.896381,4.52,20.3083,"Apr 2, 18",1.9831028080427178
2018-04-03,20.796,211704,211704,0.069719,0.336,20.3785,"Apr 3, 18",1.9931346162149712
2018-04-04,21.0749,108018,108018,0.278874,1.341,20.5019,"Apr 4, 18",2.033276241742109
2018-04-05,22.0908,29650,29650,1.0159,4.82,21.8045,"Apr 5, 18",2.179493084241282
2018-04-06,22.3498,15620,15620,0.258955,1.172,22.3249,"Apr 6, 18",2.216770534981793
2018-04-09,20.7263,176004,176004,-1.6234,-7.264,21.9364,"Apr 9, 18",1.9831028080427178
2018-04-10,21.2144,8814,8814,0.48803,2.355,21.1887,"Apr 10, 18",2.05335425092474
2018-04-11,20.9554,3900,3900,-0.258955,-1.221,21.01,"Apr 11, 18",2.0160768001842286
2018-04-12,20.9654,5483,5483,0.00996,0.048,20.9502,"Apr 12, 18",2.017516083996603
2018-04-16,20.9654,100000,100000,0,0,,"Apr 16, 18",2.017516083996603
2018-04-17,22.0609,117500,117500,1.0956,5.226,21.9813,"Apr 17, 18",2.1751896256422802
2018-04-18,22.0908,259260,259260,0.029879,0.135,22.0975,"Apr 18, 18",2.179493084241282
2018-04-19,22.4294,231006,231006,0.338633,1.533,22.1206,"Apr 19, 18",2.228227234128298
2018-04-20,22.4294,404,404,0,0,21.9956,"Apr 20, 18",2.228227234128298
2018-04-24,21.5928,440,440,-0.836622,-3.73,21.7995,"Apr 24, 18",2.1078167503850085
2018-04-25,22.4294,460,460,0.836622,3.875,22.3687,"Apr 25, 18",2.228227234128298
2018-04-26,23.2163,5980,5980,0.786823,3.508,22.7787,"Apr 26, 18",2.3414844773240837
2018-04-30,23.35,200,200,0.13373,0.576,23.35,"Apr 30, 18",2.360727701895537
2018-05-01,23.15,5546,5546,-0.2,-0.857,23.0207,"May 1, 18",2.331942025648037
2018-05-02,24.2,16054,16054,1.05,4.536,23.3271,"May 2, 18",2.4830668259474087
2018-05-03,23.5,6740,6740,-0.7,-2.893,23.7763,"May 3, 18",2.382316959081161
2018-05-04,23.49,9300,9300,-0.01,-0.043,23.2476,"May 4, 18",2.380877675268786
2018-05-07,22.06,5860,5860,-1.43,-6.088,21.9474,"May 7, 18",2.1750600900991666
2018-05-08,22.4,2498,2498,0.34,1.541,22.47,"May 8, 18",2.223995739719915
2018-05-09,23.81,13449,13449,1.41,6.295,23.8666,"May 9, 18",2.426934757264785
2018-05-10,23.74,8316,8316,-0.07,-0.294,24.1404,"May 10, 18",2.41685977057816
2018-05-11,24.31,17803,17803,0.57,2.401,24.1563,"May 11, 18",2.498898947883533
2018-05-14,24.71,48936,48936,0.4,1.645,24.4524,"May 14, 18",2.556470300378532
2018-05-15,25.04,14440,14440,0.33,1.335,25.4358,"May 15, 18",2.6039666661869054
2018-05-16,24.17,54286,54286,-0.87,-3.474,24.9157,"May 16, 18",2.478748974510284
2018-05-17,24.06,8400,8400,-0.11,-0.455,24.311,"May 17, 18",2.4629168525741587
2018-05-18,24.43,3150,3150,0.37,1.538,24.4313,"May 18, 18",2.516170353632033
2018-05-21,25.4,44741,44741,0.97,3.971,25.0201,"May 21, 18",2.6557808834324037
2018-05-22,23.68,2209,2209,-1.72,-6.772,23.9399,"May 22, 18",2.4082240677039106
2018-05-23,23.52,400,400,-0.16,-0.676,23.475,"May 23, 18",2.3851955267059113
2018-05-24,24.94,6798,6798,1.42,6.037,24.9277,"May 24, 18",2.589573828063156
2018-05-25,24.035,4796,4796,-0.905,-3.629,24.0948,"May 25, 18",2.459318643043222
2018-05-29,23.24,5943,5943,-0.795,-3.308,22.9484,"May 29, 18",2.344895579959412
2018-05-30,22.71,1506,1506,-0.53,-2.281,23.2661,"May 30, 18",2.2686135379035393
2018-05-31,22.69,900,900,-0.02,-0.088,22.75,"May 31, 18",2.2657349702787895
2018-06-01,23.844,1366,1366,1.154,5.086,23.2244,"Jun 1, 18",2.43182832222686
2018-06-04,24.4,20300,20300,0.556,2.332,24.4,"Jun 4, 18",2.5118525021949076
2018-06-05,24.94,14481,14481,0.54,2.213,25.1646,"Jun 5, 18",2.589573828063156
2018-06-06,26.65,35625,35625,1.71,6.856,26.7568,"Jun 6, 18",2.835691359979274
2018-06-07,25.372,61157,61157,-1.278,-4.795,25.9093,"Jun 7, 18",2.6517508887577543
2018-06-08,24.01,6999,6999,-1.362,-5.368,24.746,"Jun 8, 18",2.4557204335122846
2018-06-11,23.5,261,261,-0.51,-2.124,23.6609,"Jun 11, 18",2.382316959081161
2018-06-12,24.66,19850,19850,1.16,4.936,24.323,"Jun 12, 18",2.549273881316657
2018-06-13,24.9,48000,48000,0.24,0.973,24.914,"Jun 13, 18",2.583816692813656
2018-06-14,25,35319,35319,0.1,0.402,24.5042,"Jun 14, 18",2.5982095309374054
2018-06-15,25.592,15508,15508,0.592,2.368,25.433,"Jun 15, 18",2.683415132630003
2018-06-18,24.61,608,608,-0.982,-3.837,24.5738,"Jun 18, 18",2.542077462254782
2018-06-19,23.5,126931,126931,-1.11,-4.51,23.6125,"Jun 19, 18",2.382316959081161
2018-06-20,23,216604,216604,-0.5,-2.128,22.8893,"Jun 20, 18",2.310352768462413
2018-06-21,23.2,100637,100637,0.2,0.87,23.462,"Jun 21, 18",2.339138444709912
2018-06-22,23.05,63357,63357,-0.15,-0.647,23.2964,"Jun 22, 18",2.317549187524288
2018-06-25,23.02,39298,39298,-0.03,-0.13,23.0489,"Jun 25, 18",2.313231336087163
2018-06-26,23,29580,29580,-0.02,-0.087,23.0052,"Jun 26, 18",2.310352768462413
2018-06-27,23.1,26985,26985,0.1,0.435,23.1199,"Jun 27, 18",2.324745606586163
2018-06-28,22.82,26992,26992,-0.28,-1.212,23.1045,"Jun 28, 18",2.2844456598396636
2018-06-29,23,13173,13173,0.18,0.789,23.0055,"Jun 29, 18",2.310352768462413
2018-07-02,23.05,21847,21847,0.05,0.217,22.9034,"Jul 2, 18",2.317549187524288
2018-07-03,23.31,7460,7460,0.26,1.128,23.2376,"Jul 3, 18",2.3549705666460365
2018-07-05,23.316,603,603,0.006,0.026,23.316,"Jul 5, 18",2.3558341369334617
2018-07-06,23.78,768,768,0.464,1.99,23.7733,"Jul 6, 18",2.4226169058276605
2018-07-09,22.58,3780,3780,-1.2,-5.046,22.58,"Jul 9, 18",2.2499028483426646
2018-07-10,22.8,55233,55233,0.22,0.974,22.9655,"Jul 10, 18",2.281567092214914
2018-07-11,22.8,199,199,0,0,,"Jul 11, 18",2.281567092214914
2018-07-12,23.11,49212,49212,0.31,1.36,22.9863,"Jul 12, 18",2.3261848903985376
2018-07-13,23.1,9225,9225,-0.01,-0.043,23.1063,"Jul 13, 18",2.324745606586163
2018-07-16,23.1,124700,124700,0,0,23.0525,"Jul 16, 18",2.324745606586163
2018-07-17,22.8,52169,52169,-0.3,-1.299,22.9485,"Jul 17, 18",2.281567092214914
2018-07-18,22.05,102170,102170,-0.75,-3.289,22.4463,"Jul 18, 18",2.1736208062867917
2018-07-19,22.35,79185,79185,0.3,1.361,22.2672,"Jul 19, 18",2.216799320658041
2018-07-20,21.28,4700,4700,-1.07,-4.787,21.4745,"Jul 20, 18",2.0627959527339197
2018-07-23,21.73,1788,1788,0.45,2.115,21.5239,"Jul 23, 18",2.127563724290793
2018-07-24,22.03,317,317,0.3,1.381,21.9004,"Jul 24, 18",2.170742238662042
2018-07-25,23.19,597,597,1.16,5.266,22.6198,"Jul 25, 18",2.3376991608975377
2018-07-26,22.78,448,448,-0.41,-1.768,22.8262,"Jul 26, 18",2.278688524590164
2018-07-27,22.99,35925,35925,0.21,0.922,23.0965,"Jul 27, 18",2.308913484650038
2018-07-30,23.7,90670,90670,0.71,3.088,23.7687,"Jul 30, 18",2.4111026353286604
2018-07-31,23.72,55990,55990,0.02,0.084,23.767,"Jul 31, 18",2.4139812029534102
2018-08-01,23.2,125596,125596,-0.52,-2.192,23.5657,"Aug 1, 18",2.339138444709912
2018-08-02,23.55,40421,40421,0.35,1.509,23.3737,"Aug 2, 18",2.389513378143036
2018-08-03,23.1,325964,325964,-0.45,-1.911,23.2663,"Aug 3, 18",2.324745606586163
2018-08-06,23.17,150200,150200,0.07,0.303,23.2356,"Aug 6, 18",2.334820593272788
2018-08-07,22.6,240599,240599,-0.57,-2.46,22.8264,"Aug 7, 18",2.252781415967415
2018-08-08,23.23,275598,275598,0.63,2.788,23.1395,"Aug 8, 18",2.3434562961470373
2018-08-09,23.35,175745,175745,0.12,0.517,23.0683,"Aug 9, 18",2.360727701895537
2018-08-10,23.65,193372,193372,0.3,1.285,23.4521,"Aug 10, 18",2.4039062162667855
2018-08-13,24.29,52170,52170,0.64,2.706,23.5561,"Aug 13, 18",2.4960203802587833
2018-08-14,24.05,177236,177236,-0.24,-0.988,24.1102,"Aug 14, 18",2.4614775687617843
2018-08-15,22.65,274696,274696,-1.4,-5.821,23.2606,"Aug 15, 18",2.2599778350292894
2018-08-16,22.234,239756,239756,-0.416,-1.837,22.2636,"Aug 16, 18",2.200103628434491
2018-08-17,22.86,168444,168444,0.626,2.816,22.8543,"Aug 17, 18",2.2902027950891637
2018-08-20,22.95,212682,212682,0.09,0.394,22.7838,"Aug 20, 18",2.3031563494005383
2018-08-21,23.24,269054,269054,0.29,1.264,23.2982,"Aug 21, 18",2.344895579959412
2018-08-22,23.85,281737,281737,0.61,2.625,23.7769,"Aug 22, 18",2.4326918925142853
2018-08-23,24.53,222223,222223,0.68,2.851,24.1318,"Aug 23, 18",2.5305631917557827
2018-08-24,24.95,209350,209350,0.42,1.712,24.5636,"Aug 24, 18",2.591013111875531
2018-08-27,24.26,479597,479597,-0.69,-2.766,24.3434,"Aug 27, 18",2.4917025288216585
2018-08-28,24.3,280160,280160,0.04,0.165,24.4317,"Aug 28, 18",2.497459664071158
2018-08-29,23.81,176248,176248,-0.49,-2.016,23.8906,"Aug 29, 18",2.426934757264785
2018-08-30,23.35,53680,53680,-0.46,-1.932,23.4226,"Aug 30, 18",2.360727701895537
2018-08-31,23.42,126820,126820,0.07,0.3,23.4569,"Aug 31, 18",2.370802688582162
2018-09-04,24.16,164744,164744,0.74,3.16,24.1907,"Sep 4, 18",2.4773096906979086
2018-09-05,26.41,30442,30442,2.25,9.313,25.9991,"Sep 5, 18",2.801148548482275
2018-09-06,26.48,10487,10487,0.07,0.265,26.1966,"Sep 6, 18",2.8112235351689
2018-09-07,27.37,7751,7751,0.89,3.361,27.198,"Sep 7, 18",2.9393197944702716
2018-09-10,25.84,116425,116425,-1.53,-5.59,25.9779,"Sep 10, 18",2.7191093711769025
2018-09-11,24.97,67687,67687,-0.87,-3.367,25.5365,"Sep 11, 18",2.5938916795002807
2018-09-12,24.74,18705,18705,-0.23,-0.921,24.5306,"Sep 12, 18",2.560788151815656
2018-09-13,24.66,8011,8011,-0.08,-0.323,24.5592,"Sep 13, 18",2.549273881316657
2018-09-14,24.64,138,138,-0.02,-0.081,24.64,"Sep 14, 18",2.546395313691907
2018-09-17,24.83,563,563,0.19,0.771,24.9357,"Sep 17, 18",2.573741706127031
2018-09-18,23.73,500,500,-1.1,-4.43,23.926,"Sep 18, 18",2.4154204867657856
2018-09-19,23.35,637,637,-0.38,-1.601,23.404,"Sep 19, 18",2.360727701895537
2018-09-20,23.55,7945,7945,0.2,0.857,23.2563,"Sep 20, 18",2.389513378143036
2018-09-21,23.37,3107,3107,-0.18,-0.764,23.5722,"Sep 21, 18",2.363606269520287
2018-09-24,23,1295,1295,-0.37,-1.583,23.0124,"Sep 24, 18",2.310352768462413
2018-09-25,23.66,3595,3595,0.66,2.87,23.3783,"Sep 25, 18",2.405345500079161
2018-09-26,23.4,9253,9253,-0.26,-1.099,24.6281,"Sep 26, 18",2.3679241209574116
2018-09-27,23.71,15920,15920,0.31,1.325,23.7582,"Sep 27, 18",2.4125419191410353
2018-09-28,23.6,2758,2758,-0.11,-0.464,23.6,"Sep 28, 18",2.396709797204911
2018-10-01,23.79,1119,1119,0.19,0.805,23.8338,"Oct 1, 18",2.424056189640035
2018-10-02,23.79,97,97,0,0,,"Oct 2, 18",2.424056189640035
2018-10-03,22.5,2032,2032,-1.29,-5.422,22.443,"Oct 3, 18",2.238388577843665
2018-10-04,21.5,19627,19627,-1,-4.444,21.7703,"Oct 4, 18",2.094460196606169
2018-10-05,21.73,14985,14985,0.23,1.07,21.9346,"Oct 5, 18",2.127563724290793
2018-10-08,21.3,10405,10405,-0.43,-1.979,21.339,"Oct 8, 18",2.0656745203586695
2018-10-09,22.15,49640,49640,0.85,3.991,22.1548,"Oct 9, 18",2.188013644410541
2018-10-10,22.5,2251,2251,0.35,1.58,22.483,"Oct 10, 18",2.238388577843665
2018-10-11,22.42,3147,3147,-0.08,-0.356,22.3267,"Oct 11, 18",2.2268743073446657
2018-10-12,22.74,5710,5710,0.32,1.427,22.1705,"Oct 12, 18",2.272931389340664
2018-10-15,22.29,4902,4902,-0.45,-1.979,22.29,"Oct 15, 18",2.2081636177837907
2018-10-16,21.8655,48160,48160,-0.4245,-1.904,21.8655,"Oct 16, 18",2.1470660199484737
2018-10-17,21.78,442,442,-0.0855,-0.391,21.78,"Oct 17, 18",2.134760143352668
2018-10-18,21.31,9517,9517,-0.47,-2.158,21.7464,"Oct 18, 18",2.0671138041710444
2018-10-19,21.73,7878,7878,0.42,1.971,21.8142,"Oct 19, 18",2.127563724290793
2018-10-22,22.3,66555,66555,0.57,2.623,22.2475,"Oct 22, 18",2.209602901596166
2018-10-23,22.38,155125,155125,0.08,0.359,22.3939,"Oct 23, 18",2.2211171720951652
2018-10-24,22.38,25,25,0,0,,"Oct 24, 18",2.2211171720951652
2018-10-25,22.88,8567,8567,0.5,2.234,22.9583,"Oct 25, 18",2.2930813627139135
2018-10-26,21.68,78207,78207,-1.2,-5.245,21.7239,"Oct 26, 18",2.120367305228918
2018-10-29,20.44,4786,4786,-1.24,-5.72,21.1624,"Oct 29, 18",1.941896112494423
2018-10-30,19.77,2109,2109,-0.67,-3.278,20.1308,"Oct 30, 18",1.8454640970653002
2018-10-31,20.18,11428,11428,0.41,2.074,20.0377,"Oct 31, 18",1.9044747333726737
2018-11-01,20.1,51217,51217,-0.08,-0.396,20.1128,"Nov 1, 18",1.8929604628736743
2018-11-02,21.6,342,342,1.5,7.463,21.6,"Nov 2, 18",2.1088530347299184
2018-11-05,20.5718,68801,68801,-1.0282,-4.76,20.6047,"Nov 5, 18",1.9608658731415247
2018-11-06,19.8,30180,30180,-0.7718,-3.752,19.9787,"Nov 6, 18",1.8497819485024252
2018-11-07,19.64,87879,87879,-0.16,-0.808,19.6796,"Nov 7, 18",1.8267534075044258
2018-11-08,19.1,150901,150901,-0.54,-2.749,19.3872,"Nov 8, 18",1.749032081636178
2018-11-09,18.46,102981,102981,-0.64,-3.351,18.3825,"Nov 9, 18",1.6569179176441804
2018-11-12,18.24,83054,83054,-0.22,-1.192,18.4421,"Nov 12, 18",1.6252536737719308
2018-11-13,19.165,30261,30261,0.925,5.071,18.5409,"Nov 13, 18",1.758387426416615
2018-11-14,19.95,26392,26392,0.785,4.096,19.9216,"Nov 14, 18",1.8713712056880496
2018-11-15,21.61,7106,7106,1.66,8.321,21.5864,"Nov 15, 18",2.1102923185422933
2018-11-16,20.51,32424,32424,-1.1,-5.09,20.51,"Nov 16, 18",1.9519710991810477
2018-11-19,19.85,186899,186899,-0.66,-3.218,19.8705,"Nov 19, 18",1.8569783675643001
2018-11-20,20.04,1721,1721,0.19,0.957,19.9416,"Nov 20, 18",1.8843247599994242
2018-11-21,20.15,77970,77970,0.11,0.549,19.2899,"Nov 21, 18",1.9001568819355485
2018-11-23,19.4,47036,47036,-0.75,-3.722,19.3984,"Nov 23, 18",1.7922105960074264
2018-11-26,19.4,3311,3311,0,0,,"Nov 26, 18",1.7922105960074264
2018-11-27,19.4,25142,25142,0,0,,"Nov 27, 18",1.7922105960074264
2018-11-28,18.82,16272,16272,-0.58,-2.99,18.9783,"Nov 28, 18",1.708732134889679
2018-11-29,19.66,846,846,0.84,4.463,19.8063,"Nov 29, 18",1.8296319751291756
2018-11-30,21.1982,34209,34209,1.5382,7.824,21.2023,"Nov 30, 18",2.051022611148692
2018-12-03,21.78,7592,7592,0.5818,2.745,21.6897,"Dec 3, 18",2.134760143352668
2018-12-04,20.49,15945,15945,-1.29,-5.923,20.718,"Dec 4, 18",1.9490925315562972
2018-12-06,21.7,13406,13406,1.21,5.905,20.156,"Dec 6, 18",2.123245872853668
2018-12-07,19.73,603,603,-1.97,-9.078,19.95,"Dec 7, 18",1.8397069618158004
2018-12-10,19.15,6062,6062,-0.58,-2.94,19.2467,"Dec 10, 18",1.7562285006980525
2018-12-11,18.58,7871,7871,-0.57,-2.977,18.6636,"Dec 11, 18",1.6741893233926795
2018-12-12,18.87,12763,12763,0.29,1.561,18.7575,"Dec 12, 18",1.7159285539515539
2018-12-13,19.21,4234,4234,0.34,1.802,19.0832,"Dec 13, 18",1.7648642035723026
2018-12-14,19.04,41793,41793,-0.17,-0.885,19.025,"Dec 14, 18",1.7403963787619279
2018-12-17,18.73,29566,29566,-0.31,-1.628,18.8464,"Dec 17, 18",1.6957785805783043
2018-12-18,19.38,40761,40761,0.65,3.47,19.2131,"Dec 18, 18",1.7893320283826766
2018-12-19,18.93,7386,7386,-0.45,-2.322,19.3395,"Dec 19, 18",1.7245642568258035
2018-12-20,19.05,15806,15806,0.12,0.634,19.0287,"Dec 20, 18",1.741835662574303
2018-12-21,22,70456,70456,2.95,15.486,21.701,"Dec 21, 18",2.1664243872249167
2018-12-24,23,3564,3564,1,4.545,22.2396,"Dec 24, 18",2.310352768462413
2018-12-26,21.3,54316,54316,-1.7,-7.391,22.1939,"Dec 26, 18",2.0656745203586695
2018-12-27,19.35,32449,32449,-1.95,-9.155,19.5929,"Dec 27, 18",1.785014176945552
2018-12-28,19.4,2526,2526,0.05,0.258,19.2737,"Dec 28, 18",1.7922105960074264
2018-12-31,19.8,1977,1977,0.4,2.062,19.8597,"Dec 31, 18",1.8497819485024252
2019-01-02,20.6,19725,19725,0.8,4.04,20.3913,"Jan 2, 19",1.9649246534924223
2019-01-03,20.75,119744,119744,0.15,0.728,20.6197,"Jan 3, 19",1.9865139106780465
2019-01-10,21,346985,346985,0.25,1.205,21.0435,"Jan 10, 19",2.0224960059874206
2019-01-11,20.83,224075,224075,-0.17,-0.81,21.0022,"Jan 11, 19",1.998028181177046
2019-01-14,21.1,54027,54027,0.27,1.296,21.1019,"Jan 14, 19",2.0368888441111705
2019-01-15,22.92,156140,156140,1.82,8.626,22.5414,"Jan 15, 19",2.2988384979634136
2019-01-16,23.56,103421,103421,0.64,2.792,23.5258,"Jan 16, 19",2.390952661955411
2019-01-17,22.98,131724,131724,-0.58,-2.462,23.2284,"Jan 17, 19",2.3074742008376634
2019-01-18,23.6,75610,75610,0.62,2.698,23.1371,"Jan 18, 19",2.396709797204911
2019-01-22,23.44,185926,185926,-0.16,-0.678,23.6497,"Jan 22, 19",2.3736812562069116
2019-01-23,24.83,250615,250615,1.39,5.93,24.3088,"Jan 23, 19",2.573741706127031
2019-01-24,26.53,109825,109825,1.7,6.847,25.3845,"Jan 24, 19",2.818419954230775
2019-01-25,25.53,59499,59499,-1,-3.769,25.4903,"Jan 25, 19",2.6744915729932788
2019-01-28,26.2,147642,147642,0.67,2.624,25.9012,"Jan 28, 19",2.770923588422401
2019-01-29,25.85,191016,191016,-0.35,-1.336,25.897,"Jan 29, 19",2.7205486549892774
2019-01-30,25.46,105001,105001,-0.39,-1.509,25.4847,"Jan 30, 19",2.664416586306654
2019-01-31,24.94,129205,129205,-0.52,-2.042,25.4939,"Jan 31, 19",2.589573828063156
2019-02-01,25.26,88328,88328,0.32,1.283,25.4448,"Feb 1, 19",2.6356309100591546
2019-02-04,25.44,50633,50633,0.18,0.713,25.8636,Feb 4,2.661538018681904
2019-02-05,25.9,55866,55866,0.46,1.808,25.9339,Feb 5,2.727745074051152
2019-02-06,25.79,36717,36717,-0.11,-0.425,25.7522,Feb 6,2.7119129521150276
2019-02-07,26.12,36766,36766,0.33,1.28,26.2346,Feb 7,2.7594093179234016
2019-02-08,25.66,15162,15162,-0.46,-1.761,25.9608,Feb 8,2.693202262554153
2019-02-11,24.44,38545,38545,-1.22,-4.754,24.6328,Feb 11,2.5176096374444077
2019-02-12,24.36,391141,391141,-0.08,-0.327,24.4898,Feb 12,2.506095366945408
2019-02-13,24.76,26929,26929,0.4,1.642,24.5624,Feb 13,2.563666719440407
2019-02-14,24,53885,53885,-0.76,-3.069,24.1111,Feb 14,2.4542811496999093
2019-02-15,24.18,19452,19452,0.18,0.75,24.4878,Feb 15,2.4801882583226584
2019-02-19,24.81,31711,31711,0.63,2.605,24.8424,Feb 19,2.570863138502281
2019-02-20,24.83,45199,45199,0.02,0.081,25.2146,Feb 20,2.573741706127031
2019-02-21,25.09,81670,81670,0.26,1.047,25.0167,Feb 21,2.6111630852487804
2019-02-22,25.15,110650,110650,0.06,0.239,25.3908,Feb 22,2.61979878812303
2019-02-25,25.61,36751,36751,0.46,1.829,25.714,Feb 25,2.686005843492278
2019-02-26,26.73,131918,131918,1.12,4.373,26.6899,Feb 26,2.8472056304782742
2019-02-27,26.31,341667,341667,-0.42,-1.571,25.9957,Feb 27,2.786755710358525
2019-02-28,25.46,117797,117797,-0.85,-3.231,25.5176,Feb 28,2.664416586306654
2019-03-01,25.6,66072,66072,0.14,0.55,25.7567,Mar 1,2.6845665596799035