,date,close,symbol
0,2014-03-04,19.951,TVC
1,2014-03-05,19.8996,TVC
2,2014-03-06,19.7027,TVC
3,2014-03-07,19.6941,TVC
4,2014-03-10,19.6085,TVC
5,2014-03-11,19.5657,TVC
6,2014-03-12,19.6085,TVC
7,2014-03-13,19.9253,TVC
8,2014-03-14,20.0281,TVC
9,2014-03-17,19.982,TVC
10,2014-03-18,20.0024,TVC
11,2014-03-19,19.9767,TVC
12,2014-03-20,19.7369,TVC
13,2014-03-21,19.6171,TVC
14,2014-03-24,19.7369,TVC
15,2014-03-25,19.814,TVC
16,2014-03-26,19.8568,TVC
17,2014-03-27,19.8568,TVC
18,2014-03-28,19.9596,TVC
19,2014-03-31,19.8226,TVC
20,2014-04-01,19.7549,TVC
21,2014-04-02,19.8311,TVC
22,2014-04-03,20.0281,TVC
23,2014-04-04,19.9767,TVC
24,2014-04-07,20.0795,TVC
25,2014-04-08,20.1137,TVC
26,2014-04-09,20.1308,TVC
27,2014-04-10,20.1736,TVC
28,2014-04-11,20.1908,TVC
29,2014-04-14,20.2997,TVC
30,2014-04-15,20.3706,TVC
31,2014-04-16,20.3706,TVC
32,2014-04-17,20.4476,TVC
33,2014-04-21,20.4511,TVC
34,2014-04-22,20.4117,TVC
35,2014-04-23,20.4476,TVC
36,2014-04-24,20.4905,TVC
37,2014-04-25,20.4134,TVC
38,2014-04-28,20.499000000000002,TVC
39,2014-04-29,20.4648,TVC
40,2014-04-30,20.4562,TVC
41,2014-05-01,20.4819,TVC
42,2014-05-02,20.4562,TVC
43,2014-05-05,20.3877,TVC
44,2014-05-06,20.3535,TVC
45,2014-05-07,20.3021,TVC
46,2014-05-08,20.3363,TVC
47,2014-05-09,20.3997,TVC
48,2014-05-12,20.4014,TVC
49,2014-05-13,20.3963,TVC
50,2014-05-14,20.3535,TVC
51,2014-05-15,20.3791,TVC
52,2014-05-16,20.4048,TVC
53,2014-05-19,20.4391,TVC
54,2014-05-20,20.4476,TVC
55,2014-05-21,20.4305,TVC
56,2014-05-22,20.4048,TVC
57,2014-05-23,20.3963,TVC
58,2014-05-27,20.4134,TVC
59,2014-05-28,20.5167,TVC
60,2014-05-29,20.5167,TVC
61,2014-05-30,20.6118,TVC
62,2014-06-02,20.5971,TVC
63,2014-06-03,20.5677,TVC
64,2014-06-04,20.3869,TVC
65,2014-06-05,20.5106,TVC
66,2014-06-06,20.3956,TVC
67,2014-06-09,20.4786,TVC
68,2014-06-10,20.2918,TVC
69,2014-06-11,20.3437,TVC
70,2014-06-12,20.4129,TVC
71,2014-06-13,20.4976,TVC
72,2014-06-16,20.5206,TVC
73,2014-06-17,20.4302,TVC
74,2014-06-18,20.4907,TVC
75,2014-06-19,20.6723,TVC
76,2014-06-20,20.6031,TVC
77,2014-06-23,20.5967,TVC
78,2014-06-24,20.6118,TVC
79,2014-06-25,20.6204,TVC
80,2014-06-26,20.595,TVC
81,2014-06-27,20.6723,TVC
82,2014-06-30,20.6291,TVC
83,2014-07-01,20.7128,TVC
84,2014-07-02,20.6291,TVC
85,2014-07-03,20.4648,TVC
86,2014-07-07,20.6377,TVC
87,2014-07-08,20.8627,TVC
88,2014-07-09,20.8799,TVC
89,2014-07-10,20.7242,TVC
90,2014-07-11,20.8194,TVC
91,2014-07-14,20.7095,TVC
92,2014-07-15,20.6723,TVC
93,2014-07-16,20.7242,TVC
94,2014-07-17,20.6723,TVC
95,2014-07-18,20.7676,TVC
96,2014-07-21,20.8012,TVC
97,2014-07-22,20.7069,TVC
98,2014-07-23,20.7588,TVC
99,2014-07-24,20.7503,TVC
100,2014-07-25,20.854,TVC
101,2014-07-28,20.7069,TVC
102,2014-07-29,20.6672,TVC
103,2014-07-30,20.627,TVC
104,2014-07-31,20.5599,TVC
105,2014-08-01,20.5599,TVC
106,2014-08-04,20.5685,TVC
107,2014-08-05,20.6611,TVC
108,2014-08-06,20.7588,TVC
109,2014-08-07,20.7242,TVC
110,2014-08-08,20.7415,TVC
111,2014-08-11,20.7934,TVC
112,2014-08-12,20.828000000000003,TVC
113,2014-08-13,20.7589,TVC
114,2014-08-14,20.6377,TVC
115,2014-08-15,20.7156,TVC
116,2014-08-18,20.5859,TVC
117,2014-08-19,20.6204,TVC
118,2014-08-20,20.6118,TVC
119,2014-08-21,20.655,TVC
120,2014-08-22,20.6784,TVC
121,2014-08-25,20.7848,TVC
122,2014-08-26,20.5945,TVC
123,2014-08-27,20.8124,TVC
124,2014-08-28,20.9697,TVC
125,2014-08-29,20.926,TVC
126,2014-09-02,20.7949,TVC
127,2014-09-03,20.8299,TVC
128,2014-09-04,20.8037,TVC
129,2014-09-05,20.7338,TVC
130,2014-09-08,20.8596,TVC
131,2014-09-09,20.8648,TVC
132,2014-09-10,20.7932,TVC
133,2014-09-11,20.7774,TVC
134,2014-09-12,20.7512,TVC
135,2014-09-15,20.7687,TVC
136,2014-09-16,20.8561,TVC
137,2014-09-17,20.7425,TVC
138,2014-09-18,20.76,TVC
139,2014-09-19,20.6289,TVC
140,2014-09-22,20.7075,TVC
141,2014-09-23,20.6813,TVC
142,2014-09-24,20.5241,TVC
143,2014-09-25,20.8037,TVC
144,2014-09-26,20.8037,TVC
145,2014-09-29,20.8265,TVC
146,2014-09-30,20.891,TVC
147,2014-10-01,20.8579,TVC
148,2014-10-02,20.9073,TVC
149,2014-10-03,20.8823,TVC
150,2014-10-06,20.926,TVC
151,2014-10-07,20.8998,TVC
152,2014-10-08,20.9172,TVC
153,2014-10-09,20.91,TVC
154,2014-10-10,20.8561,TVC
155,2014-10-13,20.7687,TVC
156,2014-10-14,20.8299,TVC
157,2014-10-15,20.9172,TVC
158,2014-10-16,20.965999999999998,TVC
159,2014-10-17,21.0308,TVC
160,2014-10-20,21.1269,TVC
161,2014-10-21,21.1095,TVC
162,2014-10-22,21.1357,TVC
163,2014-10-23,21.1881,TVC
164,2014-10-24,21.3192,TVC
165,2014-10-27,21.2493,TVC
166,2014-10-28,21.092,TVC
167,2014-10-29,21.285999999999998,TVC
168,2014-10-30,21.2667,TVC
169,2014-10-31,21.3803,TVC
170,2014-11-03,21.3454,TVC
171,2014-11-04,21.3803,TVC
172,2014-11-05,21.3104,TVC
173,2014-11-06,21.3629,TVC
174,2014-11-07,21.293000000000003,TVC
175,2014-11-10,21.3454,TVC
176,2014-11-11,21.2143,TVC
177,2014-11-12,21.2826,TVC
178,2014-11-13,21.3017,TVC
179,2014-11-14,21.3978,TVC
180,2014-11-17,21.2842,TVC
181,2014-11-18,21.4764,TVC
182,2014-11-19,21.625,TVC
183,2014-11-20,21.5901,TVC
184,2014-11-21,21.6075,TVC
185,2014-11-24,21.4327,TVC
186,2014-11-25,21.3969,TVC
187,2014-11-26,21.3263,TVC
188,2014-11-28,21.3792,TVC
189,2014-12-01,21.291,TVC
190,2014-12-02,21.4718,TVC
191,2014-12-03,21.4569,TVC
192,2014-12-04,21.3528,TVC
193,2014-12-05,21.2822,TVC
194,2014-12-08,21.2292,TVC
195,2014-12-09,21.3777,TVC
196,2014-12-10,21.2557,TVC
197,2014-12-11,21.3175,TVC
198,2014-12-12,21.3528,TVC
199,2014-12-15,21.4233,TVC
200,2014-12-16,21.4587,TVC
201,2014-12-17,21.6087,TVC
202,2014-12-18,21.3528,TVC
203,2014-12-19,21.2998,TVC
204,2014-12-22,21.2734,TVC
205,2014-12-23,21.2381,TVC
206,2014-12-24,21.2301,TVC
207,2014-12-26,21.141,TVC
208,2014-12-29,21.1498,TVC
209,2014-12-30,21.1498,TVC
210,2014-12-31,21.0969,TVC
211,2015-01-02,21.3263,TVC
212,2015-01-05,21.3841,TVC
213,2015-01-06,21.4323,TVC
214,2015-01-07,21.441,TVC
215,2015-01-08,21.4322,TVC
216,2015-01-09,21.3616,TVC
217,2015-01-12,21.3704,TVC
218,2015-01-13,21.3969,TVC
219,2015-01-14,21.8028,TVC
220,2015-01-15,21.7322,TVC
221,2015-01-16,21.6263,TVC
222,2015-01-20,21.4145,TVC
223,2015-01-21,21.3528,TVC
224,2015-01-22,21.5998,TVC
225,2015-01-23,21.7587,TVC
226,2015-01-26,21.8116,TVC
227,2015-01-27,21.7322,TVC
228,2015-01-28,21.7322,TVC
229,2015-01-29,21.8645,TVC
230,2015-01-30,21.7763,TVC
231,2015-02-02,21.8822,TVC
232,2015-02-03,21.8977,TVC
233,2015-02-04,21.8381,TVC
234,2015-02-05,21.9528,TVC
235,2015-02-06,21.9263,TVC
236,2015-02-09,21.9351,TVC
237,2015-02-10,21.9439,TVC
238,2015-02-11,21.9616,TVC
239,2015-02-12,22.0013,TVC
240,2015-02-13,22.0145,TVC
241,2015-02-17,21.9177,TVC
242,2015-02-18,21.9439,TVC
243,2015-02-19,21.7587,TVC
244,2015-02-20,21.7939,TVC
245,2015-02-23,21.6881,TVC
246,2015-02-24,21.6704,TVC
247,2015-02-25,21.7412,TVC
248,2015-02-26,21.8481,TVC
249,2015-02-27,22.0619,TVC
250,2015-03-02,22.053,TVC
251,2015-03-03,21.9817,TVC
252,2015-03-04,21.9105,TVC
253,2015-03-05,21.9284,TVC
254,2015-03-06,21.8338,TVC
255,2015-03-09,21.8485,TVC
256,2015-03-10,21.6699,TVC
257,2015-03-11,21.6521,TVC
258,2015-03-12,21.6075,TVC
259,2015-03-13,21.7144,TVC
260,2015-03-16,22.0619,TVC
261,2015-03-17,21.9817,TVC
262,2015-03-18,22.0209,TVC
263,2015-03-19,21.8926,TVC
264,2015-03-20,21.991999999999997,TVC
265,2015-03-23,21.8837,TVC
266,2015-03-24,21.9461,TVC
267,2015-03-25,21.9738,TVC
268,2015-03-26,21.955,TVC
269,2015-03-27,21.9105,TVC
270,2015-03-30,22.0682,TVC
271,2015-03-31,22.1778,TVC
272,2015-04-01,22.2179,TVC
273,2015-04-02,22.249000000000002,TVC
274,2015-04-06,22.249000000000002,TVC
275,2015-04-07,22.1956,TVC
276,2015-04-08,22.2932,TVC
277,2015-04-09,22.2936,TVC
278,2015-04-10,22.2799,TVC
279,2015-04-13,22.3203,TVC
280,2015-04-14,22.3203,TVC
281,2015-04-15,22.3469,TVC
282,2015-04-16,22.3471,TVC
283,2015-04-17,22.3381,TVC
284,2015-04-20,22.4362,TVC
285,2015-04-21,22.4094,TVC
286,2015-04-22,22.3916,TVC
287,2015-04-23,22.4717,TVC
288,2015-04-24,22.454,TVC
289,2015-04-27,22.4628,TVC
290,2015-04-28,22.4718,TVC
291,2015-04-29,22.4629,TVC
292,2015-04-30,22.4451,TVC
293,2015-05-01,22.4629,TVC
294,2015-05-04,22.4693,TVC
295,2015-05-05,22.4506,TVC
296,2015-05-06,22.454,TVC
297,2015-05-07,22.454,TVC
298,2015-05-08,22.4657,TVC
299,2015-05-11,22.4718,TVC
300,2015-05-12,22.4718,TVC
301,2015-05-13,22.4672,TVC
302,2015-05-14,22.4718,TVC
303,2015-05-15,22.454,TVC
304,2015-05-18,22.4687,TVC
305,2015-05-19,22.1509,TVC
306,2015-05-20,22.053,TVC
307,2015-05-21,22.0352,TVC
308,2015-05-22,21.9194,TVC
309,2015-05-26,21.8392,TVC
310,2015-05-27,21.7936,TVC
311,2015-05-28,21.6946,TVC
312,2015-05-29,21.7396,TVC
313,2015-06-01,21.8108,TVC
314,2015-06-02,21.8296,TVC
315,2015-06-03,21.8836,TVC
316,2015-06-04,22.0456,TVC
317,2015-06-05,21.9016,TVC
318,2015-06-08,21.8206,TVC
319,2015-06-09,21.8237,TVC
320,2015-06-10,21.7756,TVC
321,2015-06-11,21.894000000000002,TVC
322,2015-06-12,21.8836,TVC
323,2015-06-15,21.8476,TVC
324,2015-06-16,22.0357,TVC
325,2015-06-17,21.9466,TVC
326,2015-06-18,21.9106,TVC
327,2015-06-19,21.9286,TVC
328,2015-06-22,21.8206,TVC
329,2015-06-23,21.8206,TVC
330,2015-06-24,21.8206,TVC
331,2015-06-25,21.7486,TVC
332,2015-06-26,21.6946,TVC
333,2015-06-29,21.6046,TVC
334,2015-06-30,21.5417,TVC
335,2015-07-01,21.4697,TVC
336,2015-07-02,21.6945,TVC
337,2015-07-06,21.6676,TVC
338,2015-07-07,21.7036,TVC
339,2015-07-08,21.6406,TVC
340,2015-07-09,21.5327,TVC
341,2015-07-10,21.5327,TVC
342,2015-07-13,21.5057,TVC
343,2015-07-14,21.6226,TVC
344,2015-07-15,21.6046,TVC
345,2015-07-16,21.7306,TVC
346,2015-07-17,21.8566,TVC
347,2015-07-20,21.9286,TVC
348,2015-07-21,21.9556,TVC
349,2015-07-22,21.8116,TVC
350,2015-07-23,21.9286,TVC
351,2015-07-24,21.9466,TVC
352,2015-07-27,21.8296,TVC
353,2015-07-28,22.0366,TVC
354,2015-07-29,22.0456,TVC
355,2015-07-30,21.9646,TVC
356,2015-07-31,21.8566,TVC
357,2015-08-03,21.8836,TVC
358,2015-08-04,21.8206,TVC
359,2015-08-05,21.9106,TVC
360,2015-08-06,21.9306,TVC
361,2015-08-07,21.8926,TVC
362,2015-08-10,22.3605,TVC
363,2015-08-11,22.3875,TVC
364,2015-08-12,22.2974,TVC
365,2015-08-13,22.4235,TVC
366,2015-08-14,22.3965,TVC
367,2015-08-17,22.4595,TVC
368,2015-08-18,22.4235,TVC
369,2015-08-19,22.42,TVC
370,2015-08-20,22.4712,TVC
371,2015-08-21,22.4394,TVC
372,2015-08-24,22.4595,TVC
373,2015-08-25,22.2795,TVC
374,2015-08-26,22.3335,TVC
375,2015-08-27,22.3624,TVC
376,2015-08-28,22.2898,TVC
377,2015-08-31,22.1354,TVC
378,2015-09-01,21.971999999999998,TVC
379,2015-09-02,21.854,TVC
380,2015-09-03,21.8358,TVC
381,2015-09-04,21.8989,TVC
382,2015-09-08,21.9085,TVC
383,2015-09-09,21.7995,TVC
384,2015-09-10,21.9357,TVC
385,2015-09-11,22.0083,TVC
386,2015-09-14,22.09,TVC
387,2015-09-15,22.2444,TVC
388,2015-09-16,22.1551,TVC
389,2015-09-17,22.2353,TVC
390,2015-09-18,22.2716,TVC
391,2015-09-21,22.2898,TVC
392,2015-09-22,22.2444,TVC
393,2015-09-23,22.2518,TVC
394,2015-09-24,22.2353,TVC
395,2015-09-25,22.4441,TVC
396,2015-09-28,22.4295,TVC
397,2015-09-29,22.4098,TVC
398,2015-09-30,22.3806,TVC
399,2015-10-01,22.4532,TVC
400,2015-10-02,22.5077,TVC
401,2015-10-05,22.4514,TVC
402,2015-10-06,22.3898,TVC
403,2015-10-07,22.4441,TVC
404,2015-10-08,22.4441,TVC
405,2015-10-09,22.4056,TVC
406,2015-10-12,22.7346,TVC
407,2015-10-13,22.6348,TVC
408,2015-10-14,22.6802,TVC
409,2015-10-15,22.8255,TVC
410,2015-10-16,22.7165,TVC
411,2015-10-19,22.8709,TVC
412,2015-10-20,23.0615,TVC
413,2015-10-21,23.1251,TVC
414,2015-10-22,23.1977,TVC
415,2015-10-23,23.0979,TVC
416,2015-10-26,23.0706,TVC
417,2015-10-27,23.0318,TVC
418,2015-10-28,22.9889,TVC
419,2015-10-29,23.0706,TVC
420,2015-10-30,22.9344,TVC
421,2015-11-02,22.8165,TVC
422,2015-11-03,22.9435,TVC
423,2015-11-04,23.0343,TVC
424,2015-11-05,22.8618,TVC
425,2015-11-06,22.7074,TVC
426,2015-11-09,22.6848,TVC
427,2015-11-10,22.6167,TVC
428,2015-11-11,22.7347,TVC
429,2015-11-12,22.8073,TVC
430,2015-11-13,22.8255,TVC
431,2015-11-16,23.2068,TVC
432,2015-11-17,23.1433,TVC
433,2015-11-18,23.1796,TVC
434,2015-11-19,22.9617,TVC
435,2015-11-20,23.0615,TVC
436,2015-11-23,23.0524,TVC
437,2015-11-24,23.1069,TVC
438,2015-11-25,23.0262,TVC
439,2015-11-27,23.2369,TVC
440,2015-11-30,22.9896,TVC
441,2015-12-01,23.0354,TVC
442,2015-12-02,23.0812,TVC
443,2015-12-03,23.0445,TVC
444,2015-12-04,23.0079,TVC
445,2015-12-07,22.8888,TVC
446,2015-12-08,22.8156,TVC
447,2015-12-09,22.9438,TVC
448,2015-12-10,23.1636,TVC
449,2015-12-11,22.9204,TVC
450,2015-12-14,22.7514,TVC
451,2015-12-15,22.9173,TVC
452,2015-12-16,22.9072,TVC
453,2015-12-17,22.8797,TVC
454,2015-12-18,22.9011,TVC
455,2015-12-21,22.8705,TVC
456,2015-12-22,22.9658,TVC
457,2015-12-23,23.0079,TVC
458,2015-12-24,22.9438,TVC
459,2015-12-28,23.0812,TVC
460,2015-12-29,22.9346,TVC
461,2015-12-30,22.8064,TVC
462,2015-12-31,22.9092,TVC
463,2016-01-04,22.8888,TVC
464,2016-01-05,22.9804,TVC
465,2016-01-06,22.9255,TVC
466,2016-01-07,23.0079,TVC
467,2016-01-08,23.072,TVC
468,2016-01-11,23.0079,TVC
469,2016-01-12,23.0079,TVC
470,2016-01-13,23.072,TVC
471,2016-01-14,23.0995,TVC
472,2016-01-15,23.0629,TVC
473,2016-01-19,23.1178,TVC
474,2016-01-20,23.1713,TVC
475,2016-01-21,23.2552,TVC
476,2016-01-22,23.2277,TVC
477,2016-01-25,23.5025,TVC
478,2016-01-26,23.5025,TVC
479,2016-01-27,23.6947,TVC
480,2016-01-28,23.4567,TVC
481,2016-01-29,23.3559,TVC
482,2016-02-01,23.3811,TVC
483,2016-02-02,23.3926,TVC
484,2016-02-03,23.1911,TVC
485,2016-02-04,23.1911,TVC
486,2016-02-05,23.0903,TVC
487,2016-02-08,22.9896,TVC
488,2016-02-09,23.0354,TVC
489,2016-02-10,23.1636,TVC
490,2016-02-11,23.2551,TVC
491,2016-02-12,23.1636,TVC
492,2016-02-16,23.5208,TVC
493,2016-02-17,23.1544,TVC
494,2016-02-18,23.5849,TVC
495,2016-02-19,23.5461,TVC
496,2016-02-22,23.3651,TVC
497,2016-02-23,23.4201,TVC
498,2016-02-24,23.4933,TVC
499,2016-02-25,23.5413,TVC
500,2016-02-26,23.6928,TVC
501,2016-02-29,23.4674,TVC
502,2016-03-01,23.4212,TVC
503,2016-03-02,23.4212,TVC
504,2016-03-03,23.4951,TVC
505,2016-03-04,23.726,TVC
506,2016-03-07,23.7538,TVC
507,2016-03-08,23.7009,TVC
508,2016-03-09,23.726,TVC
509,2016-03-10,23.7214,TVC
510,2016-03-11,23.7077,TVC
511,2016-03-14,23.5597,TVC
512,2016-03-15,23.5782,TVC
513,2016-03-16,23.6799,TVC
514,2016-03-17,23.5043,TVC
515,2016-03-18,23.7066,TVC
516,2016-03-21,23.8646,TVC
517,2016-03-22,23.7261,TVC
518,2016-03-23,23.6589,TVC
519,2016-03-24,23.6244,TVC
520,2016-03-28,23.5782,TVC
521,2016-03-29,23.5597,TVC
522,2016-03-30,23.6891,TVC
523,2016-03-31,23.5597,TVC
524,2016-04-01,23.5597,TVC
525,2016-04-04,23.5326,TVC
526,2016-04-05,23.6337,TVC
527,2016-04-06,23.726,TVC
528,2016-04-07,23.5597,TVC
529,2016-04-08,23.6337,TVC
530,2016-04-11,23.6069,TVC
531,2016-04-12,23.9108,TVC
532,2016-04-13,23.8554,TVC
533,2016-04-14,23.9293,TVC
534,2016-04-15,23.9108,TVC
535,2016-04-18,24.0217,TVC
536,2016-04-19,24.2158,TVC
537,2016-04-20,23.956999999999997,TVC
538,2016-04-21,23.6799,TVC
539,2016-04-22,23.6927,TVC
540,2016-04-25,23.4767,TVC
541,2016-04-26,23.5505,TVC
542,2016-04-27,23.5875,TVC
543,2016-04-28,23.3565,TVC
544,2016-04-29,23.1994,TVC
545,2016-05-02,23.3288,TVC
546,2016-05-03,23.3195,TVC
547,2016-05-04,23.4674,TVC
548,2016-05-05,23.6059,TVC
549,2016-05-06,23.5782,TVC
550,2016-05-09,23.6429,TVC
551,2016-05-10,23.6948,TVC
552,2016-05-11,23.8369,TVC
553,2016-05-12,23.8831,TVC
554,2016-05-13,23.7722,TVC
555,2016-05-16,23.7863,TVC
556,2016-05-17,23.8369,TVC
557,2016-05-18,23.7075,TVC
558,2016-05-19,23.9755,TVC
559,2016-05-20,23.7538,TVC
560,2016-05-23,24.1788,TVC
561,2016-05-24,24.0679,TVC
562,2016-05-25,23.9108,TVC
563,2016-05-26,23.7169,TVC
564,2016-05-27,23.6889,TVC
565,2016-05-31,23.8007,TVC
566,2016-06-01,23.8194,TVC
567,2016-06-02,23.8567,TVC
568,2016-06-03,23.8007,TVC
569,2016-06-06,23.8939,TVC
570,2016-06-07,23.8566,TVC
571,2016-06-08,23.8939,TVC
572,2016-06-09,23.8287,TVC
573,2016-06-10,23.7821,TVC
574,2016-06-13,23.8194,TVC
575,2016-06-14,23.7821,TVC
576,2016-06-15,24.070999999999998,TVC
577,2016-06-16,24.1362,TVC
578,2016-06-17,24.099,TVC
579,2016-06-20,23.9871,TVC
580,2016-06-21,24.043000000000003,TVC
581,2016-06-22,24.1362,TVC
582,2016-06-23,24.099,TVC
583,2016-06-24,24.0244,TVC
584,2016-06-27,23.9033,TVC
585,2016-06-28,23.7821,TVC
586,2016-06-29,23.7914,TVC
587,2016-06-30,23.9033,TVC
588,2016-07-01,23.9871,TVC
589,2016-07-05,23.9498,TVC
590,2016-07-06,23.9312,TVC
591,2016-07-07,24.0524,TVC
592,2016-07-08,24.0524,TVC
593,2016-07-11,24.0803,TVC
594,2016-07-12,24.2015,TVC
595,2016-07-13,24.1782,TVC
596,2016-07-14,24.0468,TVC
597,2016-07-15,24.070999999999998,TVC
598,2016-07-18,24.1269,TVC
599,2016-07-19,24.1735,TVC
600,2016-07-20,24.1353,TVC
601,2016-07-21,24.3226,TVC
602,2016-07-22,24.3785,TVC
603,2016-07-25,24.3878,TVC
604,2016-07-26,24.4717,TVC
605,2016-07-27,24.5929,TVC
606,2016-07-28,24.5276,TVC
607,2016-07-29,24.4624,TVC
608,2016-08-01,24.4158,TVC
609,2016-08-02,24.1735,TVC
610,2016-08-03,24.3319,TVC
611,2016-08-04,24.3412,TVC
612,2016-08-05,24.480999999999998,TVC
613,2016-08-08,24.3962,TVC
614,2016-08-09,24.3784,TVC
615,2016-08-10,24.3133,TVC
616,2016-08-11,24.3412,TVC
617,2016-08-12,24.2714,TVC
618,2016-08-15,24.1176,TVC
619,2016-08-16,24.1455,TVC
620,2016-08-17,24.2015,TVC
621,2016-08-18,24.2201,TVC
622,2016-08-19,24.5206,TVC
623,2016-08-22,24.4624,TVC
624,2016-08-23,24.4205,TVC
625,2016-08-24,24.3692,TVC
626,2016-08-25,24.0524,TVC
627,2016-08-26,24.0541,TVC
628,2016-08-29,24.0653,TVC
629,2016-08-30,24.0653,TVC
630,2016-08-31,23.9337,TVC
631,2016-09-01,24.0465,TVC
632,2016-09-02,23.9431,TVC
633,2016-09-06,23.9337,TVC
634,2016-09-07,23.8868,TVC
635,2016-09-08,23.8397,TVC
636,2016-09-09,23.7457,TVC
637,2016-09-12,23.8397,TVC
638,2016-09-13,23.8773,TVC
639,2016-09-14,24.1217,TVC
640,2016-09-15,24.6482,TVC
641,2016-09-16,24.4131,TVC
642,2016-09-19,24.513,TVC
643,2016-09-20,24.6294,TVC
644,2016-09-21,24.62,TVC
645,2016-09-22,24.5871,TVC
646,2016-09-23,24.7422,TVC
647,2016-09-26,24.7328,TVC
648,2016-09-27,24.6952,TVC
649,2016-09-28,24.7328,TVC
650,2016-09-29,24.6022,TVC
651,2016-09-30,24.4601,TVC
652,2016-10-03,24.3003,TVC
653,2016-10-04,24.2721,TVC
654,2016-10-05,24.3097,TVC
655,2016-10-06,24.3097,TVC
656,2016-10-07,24.3379,TVC
657,2016-10-10,24.6388,TVC
658,2016-10-11,24.5918,TVC
659,2016-10-12,24.4978,TVC
660,2016-10-13,24.5282,TVC
661,2016-10-14,24.2345,TVC
662,2016-10-17,24.2439,TVC
663,2016-10-18,24.226999999999997,TVC
664,2016-10-19,24.1311,TVC
665,2016-10-20,24.3003,TVC
666,2016-10-21,24.4131,TVC
667,2016-10-24,24.4225,TVC
668,2016-10-25,24.478,TVC
669,2016-10-26,24.4745,TVC
670,2016-10-27,24.3756,TVC
671,2016-10-28,24.4413,TVC
672,2016-10-31,24.2439,TVC
673,2016-11-01,24.2063,TVC
674,2016-11-02,24.2345,TVC
675,2016-11-03,24.2757,TVC
676,2016-11-04,24.2301,TVC
677,2016-11-07,24.1029,TVC
678,2016-11-08,24.0888,TVC
679,2016-11-09,23.8773,TVC
680,2016-11-10,23.6705,TVC
681,2016-11-11,23.8585,TVC
682,2016-11-14,23.6893,TVC
683,2016-11-15,23.6976,TVC
684,2016-11-16,23.7175,TVC
685,2016-11-17,23.6778,TVC
686,2016-11-18,23.5013,TVC
687,2016-11-21,23.5578,TVC
688,2016-11-22,23.6329,TVC
689,2016-11-23,23.5694,TVC
690,2016-11-25,23.5953,TVC
691,2016-11-28,23.7488,TVC
692,2016-11-29,23.6919,TVC
693,2016-11-30,23.6255,TVC
694,2016-12-01,23.6635,TVC
695,2016-12-02,23.6156,TVC
696,2016-12-05,23.5438,TVC
697,2016-12-06,23.5211,TVC
698,2016-12-07,23.4833,TVC
699,2016-12-08,23.5022,TVC
700,2016-12-09,23.5088,TVC
701,2016-12-12,23.4833,TVC
702,2016-12-13,23.5497,TVC
703,2016-12-14,23.5686,TVC
704,2016-12-15,23.4928,TVC
705,2016-12-16,23.4833,TVC
706,2016-12-19,23.5212,TVC
707,2016-12-20,23.7109,TVC
708,2016-12-21,23.6164,TVC
709,2016-12-22,23.5402,TVC
710,2016-12-23,23.4738,TVC
711,2016-12-27,23.7204,TVC
712,2016-12-28,23.7868,TVC
713,2016-12-29,23.6161,TVC
714,2016-12-30,23.4833,TVC
715,2017-01-03,23.4453,TVC
716,2017-01-04,23.5889,TVC
717,2017-01-05,23.5592,TVC
718,2017-01-06,23.5212,TVC
719,2017-01-09,23.6066,TVC
720,2017-01-10,23.5022,TVC
721,2017-01-11,23.5876,TVC
722,2017-01-12,23.6777,TVC
723,2017-01-13,23.6161,TVC
724,2017-01-17,23.6161,TVC
725,2017-01-18,23.7773,TVC
726,2017-01-19,23.7204,TVC
727,2017-01-20,23.7678,TVC
728,2017-01-23,23.8437,TVC
729,2017-01-24,23.7963,TVC
730,2017-01-25,23.7394,TVC
731,2017-01-26,23.8036,TVC
732,2017-01-27,23.8911,TVC
733,2017-01-30,23.8247,TVC
734,2017-01-31,23.8247,TVC
735,2017-02-01,23.7877,TVC
736,2017-02-02,23.8152,TVC
737,2017-02-03,23.8274,TVC
738,2017-02-06,23.8057,TVC
739,2017-02-07,23.8152,TVC
740,2017-02-08,23.8437,TVC
741,2017-02-09,24.0313,TVC
742,2017-02-10,24.0106,TVC
743,2017-02-13,23.9954,TVC
744,2017-02-14,23.8626,TVC
745,2017-02-15,24.0428,TVC
746,2017-02-16,24.1536,TVC
747,2017-02-17,24.3084,TVC
748,2017-02-21,24.3084,TVC
749,2017-02-22,24.4127,TVC
750,2017-02-23,24.3653,TVC
751,2017-02-24,24.568,TVC
752,2017-02-27,24.5872,TVC
753,2017-02-28,24.8072,TVC
754,2017-03-01,24.7307,TVC
755,2017-03-02,24.2322,TVC
756,2017-03-03,24.2141,TVC
757,2017-03-06,24.1854,TVC
758,2017-03-07,24.1567,TVC
759,2017-03-08,24.3315,TVC
760,2017-03-09,24.4437,TVC
761,2017-03-10,24.2811,TVC
762,2017-03-13,24.3384,TVC
763,2017-03-14,24.1758,TVC
764,2017-03-15,24.1147,TVC
765,2017-03-16,24.2248,TVC
766,2017-03-17,24.281,TVC
767,2017-03-20,24.1615,TVC
768,2017-03-21,24.1279,TVC
769,2017-03-22,24.1567,TVC
770,2017-03-23,24.061,TVC
771,2017-03-24,24.0418,TVC
772,2017-03-27,24.1325,TVC
773,2017-03-28,24.1471,TVC
774,2017-03-29,24.061,TVC
775,2017-03-30,24.1098,TVC
776,2017-03-31,24.2523,TVC
777,2017-04-03,24.0779,TVC
778,2017-04-04,24.136,TVC
779,2017-04-05,24.3097,TVC
780,2017-04-06,24.1416,TVC
781,2017-04-07,24.1848,TVC
782,2017-04-10,24.1655,TVC
783,2017-04-11,24.2695,TVC
784,2017-04-12,24.2619,TVC
785,2017-04-13,24.2141,TVC
786,2017-04-17,24.2274,TVC
787,2017-04-18,24.3002,TVC
788,2017-04-19,24.3308,TVC
789,2017-04-20,24.2749,TVC
790,2017-04-21,24.3384,TVC
791,2017-04-24,24.3767,TVC
792,2017-04-25,24.2906,TVC
793,2017-04-26,24.1279,TVC
794,2017-04-27,24.1567,TVC
795,2017-04-28,24.2619,TVC
796,2017-05-01,24.2306,TVC
797,2017-05-02,24.2762,TVC
798,2017-05-03,24.2619,TVC
799,2017-05-04,24.217,TVC
800,2017-05-05,24.195,TVC
801,2017-05-08,24.2236,TVC
802,2017-05-09,24.1423,TVC
803,2017-05-10,24.2095,TVC
804,2017-05-11,24.3002,TVC
805,2017-05-12,24.2008,TVC
806,2017-05-15,24.2523,TVC
807,2017-05-16,24.2141,TVC
808,2017-05-17,24.2428,TVC
809,2017-05-18,24.2045,TVC
810,2017-05-19,24.245,TVC
811,2017-05-22,24.1854,TVC
812,2017-05-23,24.2141,TVC
813,2017-05-24,24.2428,TVC
814,2017-05-25,24.2493,TVC
815,2017-05-26,24.2831,TVC
816,2017-05-30,23.9839,TVC
817,2017-05-31,24.0611,TVC
818,2017-06-01,24.2252,TVC
819,2017-06-02,24.1963,TVC
820,2017-06-05,24.148000000000003,TVC
821,2017-06-06,24.177,TVC
822,2017-06-07,24.2138,TVC
823,2017-06-08,24.2445,TVC
824,2017-06-09,24.1963,TVC
825,2017-06-12,24.2728,TVC
826,2017-06-13,24.1963,TVC
827,2017-06-14,24.2542,TVC
828,2017-06-15,24.2569,TVC
829,2017-06-16,24.2831,TVC
830,2017-06-19,24.3155,TVC
831,2017-06-20,24.2735,TVC
832,2017-06-21,24.2059,TVC
833,2017-06-22,24.1335,TVC
834,2017-06-23,24.14,TVC
835,2017-06-26,24.1577,TVC
836,2017-06-27,24.1526,TVC
837,2017-06-28,24.1287,TVC
838,2017-06-29,24.4086,TVC
839,2017-06-30,24.5823,TVC
840,2017-07-03,24.4665,TVC
841,2017-07-05,24.6113,TVC
842,2017-07-06,24.4762,TVC
843,2017-07-07,24.7174,TVC
844,2017-07-10,24.7282,TVC
845,2017-07-11,24.7753,TVC
846,2017-07-12,24.563000000000002,TVC
847,2017-07-13,24.592,TVC
848,2017-07-14,24.5148,TVC
849,2017-07-17,24.5717,TVC
850,2017-07-18,24.4182,TVC
851,2017-07-19,24.3603,TVC
852,2017-07-20,24.4471,TVC
853,2017-07-21,24.3796,TVC
854,2017-07-24,24.3893,TVC
855,2017-07-25,24.3314,TVC
856,2017-07-26,24.3812,TVC
857,2017-07-27,24.3989,TVC
858,2017-07-28,24.3989,TVC
859,2017-07-31,24.4279,TVC
860,2017-08-01,24.4809,TVC
861,2017-08-02,24.4572,TVC
862,2017-08-03,24.4472,TVC
863,2017-08-04,24.3796,TVC
864,2017-08-07,24.4619,TVC
865,2017-08-08,24.445,TVC
866,2017-08-09,24.37,TVC
867,2017-08-10,24.2735,TVC
868,2017-08-11,24.3064,TVC
869,2017-08-14,24.3603,TVC
870,2017-08-15,24.386999999999997,TVC
871,2017-08-16,24.4665,TVC
872,2017-08-17,24.3796,TVC
873,2017-08-18,24.4762,TVC
874,2017-08-21,24.4355,TVC
875,2017-08-22,24.4086,TVC
876,2017-08-23,24.4056,TVC
877,2017-08-24,24.37,TVC
878,2017-08-25,24.3876,TVC
879,2017-08-28,24.4279,TVC
880,2017-08-29,24.4297,TVC
881,2017-08-30,24.4394,TVC
882,2017-08-31,24.5466,TVC
883,2017-09-01,24.7121,TVC
884,2017-09-05,24.5933,TVC
885,2017-09-06,24.7316,TVC
886,2017-09-07,24.6926,TVC
887,2017-09-08,24.7364,TVC
888,2017-09-11,24.7608,TVC
889,2017-09-12,24.7399,TVC
890,2017-09-13,24.7627,TVC
891,2017-09-14,24.7802,TVC
892,2017-09-15,24.7802,TVC
893,2017-09-18,24.8094,TVC
894,2017-09-19,24.787,TVC
895,2017-09-20,24.8966,TVC
896,2017-09-21,24.7965,TVC
897,2017-09-22,24.858,TVC
898,2017-09-25,24.8395,TVC
899,2017-09-26,24.8317,TVC
900,2017-09-27,24.6829,TVC
901,2017-09-28,24.6147,TVC
902,2017-09-29,24.7997,TVC
903,2017-10-02,24.7034,TVC
904,2017-10-03,24.7526,TVC
905,2017-10-04,24.7803,TVC
906,2017-10-05,24.8093,TVC
907,2017-10-06,24.7937,TVC
908,2017-10-09,24.7462,TVC
909,2017-10-10,24.8387,TVC
910,2017-10-11,24.8732,TVC
911,2017-10-12,24.8776,TVC
912,2017-10-13,24.8912,TVC
913,2017-10-16,24.862,TVC
914,2017-10-17,24.7006,TVC
915,2017-10-18,24.7802,TVC
916,2017-10-19,24.8289,TVC
917,2017-10-20,24.8679,TVC
918,2017-10-23,24.9166,TVC
919,2017-10-24,24.750999999999998,TVC
920,2017-10-25,24.6446,TVC
921,2017-10-26,24.9944,TVC
922,2017-10-27,24.8787,TVC
923,2017-10-30,24.7802,TVC
924,2017-10-31,24.750999999999998,TVC
925,2017-11-01,24.6731,TVC
926,2017-11-02,24.7473,TVC
927,2017-11-03,24.8036,TVC
928,2017-11-06,24.7966,TVC
929,2017-11-07,24.7802,TVC
930,2017-11-08,24.8081,TVC
931,2017-11-09,24.8181,TVC
932,2017-11-10,24.8581,TVC
933,2017-11-13,24.8501,TVC
934,2017-11-14,24.924,TVC
935,2017-11-15,24.9419,TVC
936,2017-11-16,24.7705,TVC
937,2017-11-17,24.6829,TVC
938,2017-11-20,24.750999999999998,TVC
939,2017-11-21,24.7802,TVC
940,2017-11-22,24.7705,TVC
941,2017-11-24,24.7608,TVC
942,2017-11-27,24.7978,TVC
943,2017-11-28,24.8056,TVC
944,2017-11-29,25.0724,TVC
945,2017-11-30,24.9685,TVC
946,2017-12-01,25.0863,TVC
947,2017-12-04,25.4301,TVC
948,2017-12-05,25.2736,TVC
949,2017-12-06,25.1551,TVC
950,2017-12-07,24.9194,TVC
951,2017-12-08,24.9194,TVC
952,2017-12-11,24.9292,TVC
953,2017-12-12,24.9194,TVC
954,2017-12-13,24.94,TVC
955,2017-12-14,25.0471,TVC
956,2017-12-15,24.939,TVC
957,2017-12-18,24.8703,TVC
958,2017-12-19,24.8015,TVC
959,2017-12-20,24.8603,TVC
960,2017-12-21,24.8975,TVC
961,2017-12-22,24.8997,TVC
962,2017-12-26,24.7917,TVC
963,2017-12-27,24.8014,TVC
964,2017-12-28,24.7327,TVC
965,2017-12-29,24.6542,TVC
966,2018-01-02,24.6443,TVC
967,2018-01-03,24.7473,TVC
968,2018-01-04,24.7536,TVC
969,2018-01-05,24.7642,TVC
970,2018-01-08,24.8113,TVC
971,2018-01-09,24.8113,TVC
972,2018-01-10,24.8658,TVC
973,2018-01-11,24.8278,TVC
974,2018-01-12,24.8212,TVC
975,2018-01-16,24.7917,TVC
976,2018-01-17,24.8113,TVC
977,2018-01-18,24.8343,TVC
978,2018-01-19,24.8235,TVC
979,2018-01-22,24.939,TVC
980,2018-01-23,24.9002,TVC
981,2018-01-24,24.9194,TVC
982,2018-01-25,24.9046,TVC
983,2018-01-26,24.8997,TVC
984,2018-01-29,24.909000000000002,TVC
985,2018-01-30,24.9011,TVC
986,2018-01-31,24.9783,TVC
987,2018-02-01,24.9095,TVC
988,2018-02-02,24.7622,TVC
989,2018-02-05,24.7524,TVC
990,2018-02-06,24.8198,TVC
991,2018-02-07,24.9428,TVC
992,2018-02-08,24.8201,TVC
993,2018-02-09,24.7327,TVC
994,2018-02-12,24.5952,TVC
995,2018-02-13,24.5854,TVC
996,2018-02-14,24.5559,TVC
997,2018-02-15,24.6051,TVC
998,2018-02-16,24.5854,TVC
999,2018-02-20,24.5855,TVC
1000,2018-02-21,24.6247,TVC
1001,2018-02-22,24.6051,TVC
1002,2018-02-23,24.8408,TVC
1003,2018-02-26,24.8703,TVC
1004,2018-02-27,24.8847,TVC
1005,2018-02-28,24.991,TVC
1006,2018-03-01,24.9593,TVC
1007,2018-03-02,25.1595,TVC
1008,2018-03-05,25.0275,TVC
1009,2018-03-06,25.0208,TVC
1010,2018-03-07,25.0208,TVC
1011,2018-03-08,24.9712,TVC
1012,2018-03-09,25.0508,TVC
1013,2018-03-12,25.1372,TVC
1014,2018-03-13,25.0406,TVC
1015,2018-03-14,25.0208,TVC
1016,2018-03-15,25.0133,TVC
1017,2018-03-16,25.0894,TVC
1018,2018-03-19,25.0208,TVC
1019,2018-03-20,24.9613,TVC
1020,2018-03-21,24.8523,TVC
1021,2018-03-22,24.8864,TVC
1022,2018-03-23,24.7631,TVC
1023,2018-03-26,24.7928,TVC
1024,2018-03-27,24.7433,TVC
1025,2018-03-28,24.7899,TVC
1026,2018-03-29,24.4857,TVC
1027,2018-04-02,24.4593,TVC
1028,2018-04-03,24.6244,TVC
1029,2018-04-04,24.6244,TVC
1030,2018-04-05,24.6522,TVC
1031,2018-04-06,24.6739,TVC
1032,2018-04-09,24.6987,TVC
1033,2018-04-10,24.7532,TVC
1034,2018-04-11,24.6838,TVC
1035,2018-04-12,24.7343,TVC
1036,2018-04-13,24.8325,TVC
1037,2018-04-16,24.6838,TVC
1038,2018-04-17,24.7378,TVC
1039,2018-04-18,24.7235,TVC
1040,2018-04-19,24.7235,TVC
1041,2018-04-20,24.6809,TVC
1042,2018-04-23,24.7484,TVC
1043,2018-04-24,24.8325,TVC
1044,2018-04-25,24.8622,TVC
1045,2018-04-26,24.8325,TVC
1046,2018-04-27,24.7334,TVC
1047,2018-04-30,24.7135,TVC
1048,2018-05-01,24.7467,TVC
1049,2018-05-02,24.7037,TVC
1050,2018-05-03,24.6899,TVC
1051,2018-05-04,24.6343,TVC
1052,2018-05-07,24.6343,TVC
1053,2018-05-08,24.6541,TVC
1054,2018-05-09,24.6343,TVC
1055,2018-05-10,24.6928,TVC
1056,2018-05-11,24.664,TVC
1057,2018-05-14,24.4656,TVC
1058,2018-05-15,24.228,TVC
1059,2018-05-16,24.01,TVC
1060,2018-05-17,24.2082,TVC
1061,2018-05-18,24.2181,TVC
1062,2018-05-21,24.2181,TVC
1063,2018-05-22,24.1785,TVC
1064,2018-05-23,24.1983,TVC
1065,2018-05-24,24.1488,TVC
1066,2018-05-25,24.2577,TVC
1067,2018-05-29,24.2173,TVC
1068,2018-05-30,24.39,TVC
1069,2018-05-31,24.3386,TVC
1070,2018-06-01,24.344,TVC
1071,2018-06-04,24.3,TVC
1072,2018-06-05,24.2266,TVC
1073,2018-06-06,24.3,TVC
1074,2018-06-07,24.25,TVC
1075,2018-06-08,24.26,TVC
1076,2018-06-11,24.22,TVC
1077,2018-06-12,24.05,TVC
1078,2018-06-13,24.0999,TVC
1079,2018-06-14,24.01,TVC
1080,2018-06-15,24.0,TVC
1081,2018-06-18,23.96,TVC
1082,2018-06-19,23.9501,TVC
1083,2018-06-20,23.895,TVC
1084,2018-06-21,23.82,TVC
1085,2018-06-22,23.85,TVC
1086,2018-06-25,23.86,TVC
1087,2018-06-26,23.8121,TVC
1088,2018-06-27,23.8761,TVC
1089,2018-06-28,23.8579,TVC
1090,2018-06-29,23.94,TVC
1091,2018-07-02,23.85,TVC
1092,2018-07-03,23.8877,TVC
1093,2018-07-05,24.06,TVC
1094,2018-07-06,24.1347,TVC
1095,2018-07-09,24.136,TVC
1096,2018-07-10,24.128,TVC
1097,2018-07-11,24.02,TVC
1098,2018-07-12,24.0,TVC
1099,2018-07-13,24.0,TVC
1100,2018-07-16,23.9711,TVC
1101,2018-07-17,24.04,TVC
1102,2018-07-18,23.99,TVC
1103,2018-07-19,24.105999999999998,TVC
1104,2018-07-20,24.1,TVC
1105,2018-07-23,24.1,TVC
1106,2018-07-24,24.0697,TVC
1107,2018-07-25,24.1297,TVC
1108,2018-07-26,24.11,TVC
1109,2018-07-27,24.0561,TVC
1110,2018-07-30,24.0996,TVC
1111,2018-07-31,24.3,TVC
1112,2018-08-01,24.1767,TVC
1113,2018-08-02,24.2358,TVC
1114,2018-08-03,24.29,TVC
1115,2018-08-06,24.3587,TVC
1116,2018-08-07,24.3362,TVC
1117,2018-08-08,24.42,TVC
1118,2018-08-09,24.4405,TVC
1119,2018-08-10,24.395,TVC
1120,2018-08-13,24.4208,TVC
1121,2018-08-14,24.22,TVC
1122,2018-08-15,24.2,TVC
1123,2018-08-16,24.315,TVC
1124,2018-08-17,24.3001,TVC
1125,2018-08-20,24.4699,TVC
1126,2018-08-21,24.254,TVC
1127,2018-08-22,24.3999,TVC
1128,2018-08-23,24.4131,TVC
1129,2018-08-24,24.45,TVC
1130,2018-08-27,24.8393,TVC
1131,2018-08-28,25.0,TVC
1132,2018-08-29,25.0263,TVC
1133,2018-08-30,24.9936,TVC
1134,2018-08-31,24.9975,TVC
1135,2018-09-04,25.2199,TVC
1136,2018-09-05,25.1337,TVC
1137,2018-09-06,25.1554,TVC
1138,2018-09-07,25.1601,TVC
1139,2018-09-10,25.099,TVC
1140,2018-09-11,25.25,TVC
1141,2018-09-12,25.21,TVC
1142,2018-09-13,25.16,TVC
1143,2018-09-14,25.14,TVC
1144,2018-09-17,25.5,TVC
1145,2018-09-18,25.25,TVC
1146,2018-09-19,25.05,TVC
1147,2018-09-20,25.0679,TVC
1148,2018-09-21,24.96,TVC
1149,2018-09-24,24.93,TVC
1150,2018-09-25,25.03,TVC
1151,2018-09-26,25.113000000000003,TVC
1152,2018-09-27,25.0415,TVC
1153,2018-09-28,25.0701,TVC
1154,2018-10-01,24.9784,TVC
1155,2018-10-02,25.0,TVC
1156,2018-10-03,24.5,TVC
1157,2018-10-04,24.64,TVC
1158,2018-10-05,24.58,TVC
1159,2018-10-08,24.55,TVC
1160,2018-10-09,24.6782,TVC
1161,2018-10-10,24.83,TVC
1162,2018-10-11,24.895,TVC
1163,2018-10-12,24.75,TVC
1164,2018-10-15,24.68,TVC
1165,2018-10-16,24.6653,TVC
1166,2018-10-17,24.563000000000002,TVC
1167,2018-10-18,24.21,TVC
1168,2018-10-19,24.3872,TVC
1169,2018-10-22,24.5134,TVC
1170,2018-10-23,24.6999,TVC
1171,2018-10-24,24.6473,TVC
1172,2018-10-25,24.84,TVC
1173,2018-10-26,24.79,TVC
1174,2018-10-29,24.78,TVC
1175,2018-10-30,24.8089,TVC
1176,2018-10-31,24.74,TVC
1177,2018-11-01,24.54,TVC
1178,2018-11-02,24.64,TVC
1179,2018-11-05,24.6321,TVC
1180,2018-11-06,24.55,TVC
1181,2018-11-07,24.69,TVC
1182,2018-11-08,24.65,TVC
1183,2018-11-09,24.655,TVC
1184,2018-11-12,24.8,TVC
1185,2018-11-13,24.9686,TVC
1186,2018-11-14,24.9793,TVC
1187,2018-11-15,24.75,TVC
1188,2018-11-16,24.79,TVC
1189,2018-11-19,24.6916,TVC
1190,2018-11-20,24.7399,TVC
1191,2018-11-21,24.6232,TVC
1192,2018-11-23,24.724,TVC
1193,2018-11-26,24.8503,TVC
1194,2018-11-27,24.8619,TVC
1195,2018-11-28,24.95,TVC
1196,2018-11-29,24.79,TVC
1197,2018-11-30,24.8853,TVC
1198,2018-12-03,24.76,TVC
1199,2018-12-04,24.69,TVC
1200,2018-12-06,24.62,TVC
1201,2018-12-07,24.45,TVC
1202,2018-12-10,24.6,TVC
1203,2018-12-11,24.61,TVC
1204,2018-12-12,24.62,TVC
1205,2018-12-13,24.65,TVC
1206,2018-12-14,24.8279,TVC
1207,2018-12-17,24.6492,TVC
1208,2018-12-18,24.5944,TVC
1209,2018-12-19,24.69,TVC
1210,2018-12-20,24.76,TVC
1211,2018-12-21,24.78,TVC
1212,2018-12-24,24.849,TVC
1213,2018-12-26,24.8559,TVC
1214,2018-12-27,24.75,TVC
1215,2018-12-28,24.58,TVC
1216,2018-12-31,24.73,TVC
1217,2019-01-02,24.44,TVC
1218,2019-01-03,24.51,TVC
1219,2019-01-04,24.31,TVC
1220,2019-01-07,24.7,TVC
1221,2019-01-08,24.9,TVC
1222,2019-01-09,24.92,TVC
1223,2019-01-10,24.91,TVC
1224,2019-01-11,24.88,TVC
1225,2019-01-14,24.94,TVC
1226,2019-01-15,24.89,TVC
1227,2019-01-16,25.01,TVC
1228,2019-01-17,24.9661,TVC
1229,2019-01-18,25.01,TVC
1230,2019-01-22,24.98,TVC
1231,2019-01-23,24.95,TVC
1232,2019-01-24,24.855,TVC
1233,2019-01-25,24.86,TVC
1234,2019-01-28,25.19,TVC
1235,2019-01-29,25.2,TVC
1236,2019-01-30,25.7,TVC
1237,2019-01-31,26.98,TVC
1238,2019-02-01,26.1,TVC
1239,2019-02-04,26.73,TVC
1240,2019-02-05,28.87,TVC
1241,2019-02-06,27.06,TVC
1242,2019-02-07,25.84,TVC
1243,2019-02-08,26.41,TVC
1244,2019-02-11,26.1,TVC
1245,2019-02-12,26.75,TVC
1246,2019-02-13,26.75,TVC
1247,2019-02-14,26.67,TVC
1248,2019-02-15,26.69,TVC
1249,2019-02-19,26.6,TVC
1250,2019-02-20,26.48,TVC
1251,2019-02-21,26.15,TVC
1252,2019-02-22,27.0,TVC
1253,2019-02-25,27.47,TVC
1254,2019-02-26,28.0,TVC
1255,2019-02-27,27.93,TVC
1256,2019-02-28,27.85,TVC
1257,2019-03-01,26.75,TVC
